minutes_played,goals_scored,goals_conceded,assists,clean_sheets,penalties_missed,penalties_saved,num_saves,own_goals,yellow_cards,red_cards,points_per_game,total_bonus_pts,total_points,bps_system,selected_by_percent,creativity,ict_index,influence,threat,chance_of_playing_next_round,chance_of_playing_this_round,cost_change_event,cost_change_event_fall,cost_change_start,cost_change_start_fall,dreamteam_count,ep_next,ep_this,event_points,current_cost,transfers_in,transfers_in_event,transfers_out,transfers_out_event,value_form,value_season,player_code,player_id,Mins_Per_90,Goals_Per_90,Assists_Per_90
620,0,9,2,2,0,0,0,0,0,0,3.2,1,26,144,0.4,15.4,29.8,174.2,107,100,100,0,0,-0.4,0.4,0,0,0,0,5.1,15418,0,38422,0,0,5.1,69140,1,6.8889,0,0.2903
623,1,10,0,2,0,0,0,0,2,0,3.1,3,25,116,1.2,37.7,19.5,117.6,38,100,100,0,0,0,0,0,0,0,0,5.5,141114,0,74300,0,0,4.5,98745,2,6.9222,0.1445,0
1103,0,19,2,2,0,0,0,0,3,0,2.1,1,35,222,0.5,157.3,41.2,190,67,100,100,0,0,-0.3,0.3,0,0,0,0,5.2,55476,0,127776,0,0,6.7,111457,3,12.2556,0,0.1632
1210,0,19,2,3,0,0,0,0,3,1,2.6,3,36,216,2.3,155.4,44.9,261.8,37,100,100,0,0,-0.5,0.5,1,0,0,0,4.5,591961,0,629865,0,0,8,154043,4,13.4444,0,0.1488
1696,2,25,0,4,0,0,0,0,6,0,3,5,57,305,1.4,36.8,58.5,436.2,110,100,100,0,0,-0.2,0.2,1,0,0,0,4.8,152283,0,194080,0,0,11.9,39476,5,18.8444,0.1061,0
270,0,4,0,1,0,0,0,0,0,0,3.3,1,10,54,0.2,40.8,10,47.2,12,0,0,0,0,0,0,0,0,0,0,5,28185,0,89016,0,0,2,38411,6,3,0,0
0,0,0,0,0,0,0,0,0,0,0,0,0,0,0,0.1,0,0,0,0,0,0,0,0,0,0,0,0,0,0,5,655,0,12740,0,0,0,51507,7,0,0,0
0,0,0,0,0,0,0,0,0,0,0,0,0,0,0,0,0,0,0,0,0,0,0,0,-0.2,0.2,0,0,0,0,4.3,1115,0,4924,0,0,0,233963,8,0,0,0
0,0,0,0,0,0,0,0,0,0,0,0,0,0,0,0,0,0,0,0,0,0,0,0,0,0,0,0,0,0,4.5,448,0,2622,0,0,0,80254,9,0,0,0
85,0,3,0,0,0,0,0,0,0,0,1,0,2,13,0.1,0.4,1.6,13.4,2,100,100,0,0,-0.1,0.1,0,0,0,0,4.4,12164,0,15017,0,0,0.5,156074,10,0.9444,0,0
2303,17,33,3,7,0,0,0,0,3,1,5.8,29,152,601,27.5,383.2,210.9,742.8,985,100,100,0,0,0.1,-0.1,3,0,0,0,11.1,3119349,0,2991458,0,0,13.7,54694,11,25.5889,0.6644,0.1172
1311,7,18,4,3,0,0,0,0,5,0,3.9,9,78,277,2.1,287,134,384.8,666,100,100,0,0,-0.1,0.1,1,0,0,0,9.4,343024,0,454696,0,0,8.3,59966,12,14.5667,0.4805,0.2746
249,1,3,0,1,0,0,0,0,0,0,2.4,1,12,27,1.3,28.2,16.7,37.6,101,100,100,0,0,-0.1,0.1,0,0,0,0,4.4,129207,0,141431,0,0,2.7,205533,13,2.7667,0.3614,0
2520,0,36,0,7,0,1,104,0,2,0,3.9,9,108,560,5.6,0,77.6,777.8,0,0,0,0,0,0,0,1,0,0,0,5,484255,0,511739,0,0,21.6,80201,14,28,0,0
1439,1,20,3,5,0,0,0,0,1,0,2.9,1,53,256,1.5,582.9,99.8,223.6,190,100,100,0,0,-0.2,0.2,0,0,0,0,7.3,167616,0,191897,0,0,7.3,37605,15,15.9889,0.0625,0.1876
110,0,0,0,1,0,0,0,0,1,0,1.3,0,4,3,0.7,33.9,8.6,5.4,46,0,0,0,0,-0.3,0.3,0,0,0,0,6.7,23044,0,116583,0,0,0.6,57249,16,1.2222,0,0
1904,0,25,1,7,0,0,0,0,7,0,2.1,0,47,290,0.7,240.6,66.7,338.6,85,100,100,0,0,-0.4,0.4,0,0,0,0,5.1,51484,0,109547,0,0,9.2,84450,18,21.1556,0,0.0473
1365,1,20,1,3,0,0,0,0,4,0,1.8,0,44,238,1.1,200.7,67.3,271.8,199,100,75,0,0,-0.3,0.3,0,0,0,0,4.7,93073,0,169989,0,0,9.4,198849,19,15.1667,0.0659,0.0659
0,0,0,0,0,0,0,0,0,0,0,0,0,0,0,0.5,0,0,0,0,0,0,0,0,-0.3,0.3,6,0,0,0,4.2,123762,0,121683,0,0,0,153256,20,0,0,0
1588,0,27,2,3,0,0,0,0,6,0,2,2,44,252,5.6,231.5,69.8,320,146,0,0,0,0,-0.3,0.3,0,0,0,0,4.2,912736,0,937030,0,0,10.5,242166,21,17.6444,0,0.1134
2185,2,32,1,6,0,0,0,0,4,1,3.2,10,79,413,5.3,104.5,84.6,568.6,171,100,100,0,0,-0.3,0.3,2,0,0,0,5.7,246873,0,529230,0,0,13.9,41270,106,24.2778,0.0824,0.0412
0,0,0,0,0,0,0,0,0,0,0,0,0,0,0,0.2,0,0,0,0,0,0,0,0,-0.3,0.3,0,0,0,0,4.2,5851,0,14263,0,0,0,98980,427,0,0,0
1102,1,15,1,3,0,0,0,0,5,0,3,5,42,197,0.6,113.5,58.7,272,203,0,0,0,0,-0.2,0.2,0,0,0,0,4.3,140466,0,171176,0,0,9.8,101184,467,12.2444,0.0817,0.0817
905,0,12,2,3,0,0,0,0,0,0,2.5,3,35,170,3,247.6,55,203.6,99,100,100,0,0,-0.3,0.3,1,0,0,0,5.2,1007144,0,1140239,0,0,6.7,182539,469,10.0556,0,0.1989
1306,0,18,1,3,0,0,0,0,1,0,2.7,3,43,222,0.2,197.1,59.7,291.2,107,100,100,0,0,-0.2,0.2,0,0,0,0,4.8,21267,0,33098,0,0,9,58822,486,14.5111,0,0.0689
1587,4,25,6,4,0,0,0,0,3,0,3.7,8,88,307,5,535.3,153.5,441.4,556,100,100,0,0,-0.2,0.2,2,0,0,0,9.3,560863,0,578062,0,0,9.5,195735,488,17.6333,0.2268,0.3403
458,0,4,1,2,0,0,0,0,1,0,1.7,0,19,60,0.1,95.2,27.9,54.4,130,100,100,0,0,-0.2,0.2,0,0,0,0,5.3,12026,0,18281,0,0,3.6,200641,489,5.0889,0,0.1965
573,0,11,0,1,0,0,0,0,1,0,1.2,0,23,95,0.2,132.9,36.3,94.4,134,100,100,0,0,-0.3,0.3,0,0,0,0,4.7,25819,0,31471,0,0,4.9,200089,490,6.3667,0,0
656,3,9,1,2,0,0,0,0,1,0,2.8,5,39,129,2.8,36.6,42.5,162.8,226,100,100,0,0,-0.1,0.1,0,0,0,0,4.4,502501,0,404091,0,0,8.9,444145,504,7.2889,0.4116,0.1372
296,0,6,0,0,0,0,0,0,1,0,1,0,5,51,0.3,75.1,16.3,56,31,100,75,0,0,-0.2,0.2,0,0,0,0,5.3,72106,0,109884,0,0,0.9,192895,515,3.2889,0,0
1172,0,11,4,4,0,0,0,0,4,0,2.4,2,43,184,5,211.9,58.9,225.2,151,100,100,0,0,0.2,-0.2,0,0,0,0,4.7,522161,0,154573,0,0,9.1,223340,541,13.0222,0,0.3072
96,0,0,0,1,0,0,0,0,0,0,2,0,4,13,0,6.3,1.6,9.8,0,0,0,0,0,-0.2,0.2,0,0,0,0,4.3,5549,0,3200,0,0,0.9,209289,576,1.0667,0,0
0,0,0,0,0,0,0,0,0,0,0,0,0,0,0,0,0,0,0,0,0,0,0,0,-0.1,0.1,0,0,0,0,4.4,610,0,517,0,0,0,232233,585,0,0,0
90,0,0,0,1,0,0,0,0,0,0,7,1,7,28,0.1,1.6,2.8,26.2,0,100,100,0,0,-0.2,0.2,0,0,0,0,4.8,7267,0,3105,0,0,1.5,92371,617,1,0,0
763,0,26,1,1,0,0,0,0,0,0,1.7,5,20,158,0.8,219.6,44.1,174.4,46,0,0,0,0,-0.4,0.4,0,0,0,0,4.1,72425,0,152316,0,0,4.9,37339,22,8.4778,0,0.118
0,0,0,0,0,0,0,0,0,0,0,0,0,0,0,0.1,0,0,0,0,0,0,0,0,-0.3,0.3,0,0,0,0,4.2,1899,0,8061,0,0,0,43252,23,0,0,0
793,0,19,0,2,0,0,0,0,2,0,1.7,0,17,113,0.2,31.6,17.5,115.8,27,0,0,0,0,-0.3,0.3,0,0,0,0,4.2,21132,0,27443,0,0,4,47390,24,8.8111,0,0
990,0,24,0,1,0,0,0,0,2,0,1.4,0,15,121,0.1,21.2,30.4,232.8,50,100,100,0,0,-0.1,0.1,0,0,0,0,4.4,2024,0,4962,0,0,3.4,123354,25,11,0,0
111,0,6,0,0,0,0,0,0,1,0,0.8,0,5,14,0.1,12.2,3.8,3.4,24,0,0,0,0,-0.1,0.1,0,0,0,0,5.4,4232,0,27742,0,0,0.9,54764,26,1.2333,0,0
177,0,8,0,0,0,0,8,0,0,0,1,0,3,34,0.2,0,5.8,57,0,100,100,0,0,-0.2,0.2,0,0,0,0,4.3,18399,0,20350,0,0,0.7,98770,27,1.9667,0,0
940,3,26,2,2,0,0,0,0,4,0,2.9,6,52,207,0.1,267.5,70.6,248.8,191,100,100,0,0,-0.3,0.3,2,0,0,0,5.7,17743,0,28733,0,0,9.1,85242,28,10.4444,0.2872,0.1915
2333,7,52,7,4,1,0,0,0,7,0,4.5,15,118,473,20,909.4,222.3,687.2,629,100,100,0,0,0.4,-0.4,3,0,0,0,6.4,2646385,0,1634083,0,0,18.4,114283,29,25.9222,0.27,0.27
1673,4,40,5,4,0,0,0,0,3,0,3.2,0,79,240,0.8,421.6,135.9,350.8,586,100,100,0,0,0,0,0,0,0,0,5.5,255554,0,242443,0,0,14.4,193488,30,18.5889,0.2152,0.269
1537,3,30,2,3,0,0,0,0,2,0,3.4,4,61,253,2.6,375.3,113.5,386.4,375,100,75,0,0,-0.1,0.1,0,0,0,0,5.4,1283440,0,1339462,0,0,11.3,122806,31,17.0778,0.1757,0.1171
0,0,0,0,0,0,0,0,0,0,0,0,0,0,0,0,0,0,0,0,0,0,0,0,-0.2,0.2,0,0,0,0,4.8,396,0,1446,0,0,0,174597,32,0,0,0
0,0,0,0,0,0,0,0,0,0,0,0,0,0,0,0,0,0,0,0,0,0,0,0,0,0,0,0,0,0,4.5,732,0,7757,0,0,0,27770,33,0,0,0
129,0,3,1,0,0,0,0,0,0,0,1.4,0,11,27,0.2,36.2,14.2,20.2,87,100,100,0,0,-0.2,0.2,0,0,0,0,4.3,22006,0,33852,0,0,2.6,221239,34,1.4333,0,0.6977
189,0,6,0,0,0,0,0,0,0,0,1.2,0,11,34,0.4,27.2,5.5,13.4,13,100,100,0,0,-0.1,0.1,0,0,0,0,4.4,68901,0,65313,0,0,2.5,40564,35,2.1,0,0
310,0,4,1,2,0,0,0,0,0,0,1.9,0,15,41,0.1,56.1,14.9,42.6,51,100,100,0,0,-0.2,0.2,0,0,0,0,5.8,14240,0,27170,0,0,2.6,89274,36,3.4444,0,0.2903
1794,0,35,0,4,0,0,67,1,0,0,3,3,59,346,2.5,0.3,50.7,507.4,0,0,0,0,0,-0.2,0.2,1,0,0,0,4.3,293883,0,542329,0,0,13.7,21205,94,19.9333,0,0
317,0,11,0,0,0,0,0,0,1,0,1.2,0,6,32,0.6,21.2,4.7,18.6,8,100,100,0,0,-0.1,0.1,0,0,0,0,4.4,23959,0,137549,0,0,1.4,61603,120,3.5222,0,0
1688,1,35,3,3,0,0,0,0,3,0,3,10,60,341,0.8,386.9,92.6,417,121,100,100,0,0,-0.1,0.1,1,0,0,0,4.4,156868,0,186095,0,0,13.6,169359,309,18.7556,0.0533,0.16
1782,5,31,1,6,1,0,0,0,3,0,3.2,7,67,180,0.8,169.8,108.3,296.2,632,0,0,0,0,-0.6,0.6,1,0,0,0,5.4,403278,0,436010,0,0,12.4,213345,428,19.8,0.2525,0.0505
7,0,0,0,0,0,0,0,0,0,0,1,0,1,3,0.1,0,0,0,0,100,0,0,0,-0.2,0.2,0,0,0,0,4.3,1213,0,6795,0,0,0.2,79852,429,0.0778,0,0
2002,2,42,1,3,0,0,0,0,5,0,2.4,5,56,378,2.5,73.6,77.1,588.6,108,100,100,0,0,-0.1,0.1,0,0,0,0,4.4,496353,0,479894,0,0,12.7,149484,445,22.2444,0.0899,0.045
1198,0,29,2,2,0,0,0,0,1,0,2,1,30,198,0.1,58.5,43.3,259.4,113,100,100,0,0,-0.2,0.2,0,0,0,0,4.3,6693,0,7709,0,0,7,199798,452,13.3111,0,0.1503
1446,1,32,0,3,0,0,0,0,1,0,2.5,4,42,252,0.4,31.9,44.5,329.6,81,100,100,0,0,-0.2,0.2,1,0,0,0,4.3,97845,0,90154,0,0,9.8,108156,455,16.0667,0.0622,0
1898,0,36,2,4,0,0,0,0,7,0,2.1,2,48,302,0.5,225.6,71.4,431.8,55,100,100,0,0,-0.1,0.1,1,0,0,0,4.4,98122,0,105934,0,0,10.9,203368,458,21.0889,0,0.0948
1315,3,23,2,3,0,0,0,0,2,1,2.4,2,58,170,1.1,261.1,112.4,275.8,589,100,100,0,0,-0.3,0.3,0,0,0,0,5.2,151457,0,288341,0,0,11.2,148508,465,14.6111,0.2053,0.1369
1711,3,40,2,5,0,0,0,0,4,0,2.7,5,71,295,3.8,202.1,91.7,375.8,338,0,0,0,0,-0.1,0.1,0,0,0,0,4.4,754468,0,570713,0,0,16.1,230046,470,19.0111,0.1578,0.1052
0,0,0,0,0,0,0,0,0,0,0,0,0,0,0,0.1,0,0,0,0,0,0,0,0,-0.3,0.3,0,0,0,0,4.2,1763,0,5338,0,0,0,88175,474,0,0,0
1626,0,35,0,1,0,0,0,0,4,0,1.7,0,35,249,0.7,156.2,45.1,271.8,24,100,100,0,0,-0.1,0.1,0,0,0,0,4.4,125819,0,106240,0,0,8,184704,491,18.0667,0,0
36,0,0,0,0,0,0,0,0,0,0,1,0,2,3,0,1.3,0.7,1.2,4,0,0,0,0,0,0,0,0,0,0,4.5,667,0,334,0,0,0.4,223349,600,0.4,0,0
540,0,13,0,0,0,1,23,0,1,0,3.2,2,19,110,0.5,10,20.8,197.8,0,0,0,0,0,0,0,1,0,0,0,4.5,54875,0,18896,0,0,4.2,8432,603,6,0,0
352,1,10,0,0,0,0,0,0,0,0,3.5,2,14,41,0.2,51.1,26.3,51.4,160,0,0,0,0,-0.2,0.2,0,0,0,0,5.8,34395,0,18777,0,0,2.4,217487,613,3.9111,0.2557,0
16,0,2,0,0,0,0,0,0,0,0,1,0,2,5,0,1.7,0.4,0.2,2,0,0,0,0,0,0,0,0,0,0,5.5,426,0,196,0,0,0.4,83091,623,0.1778,0,0
1848,1,36,0,3,0,0,0,0,4,1,2.1,5,46,311,0.2,38.3,63.2,479.2,112,100,75,0,0,0,0,2,0,0,0,5,41020,0,48041,0,0,9.2,56917,58,20.5333,0.0487,0
2014,2,33,1,3,0,0,0,0,1,0,2.9,6,67,403,6.5,78.6,93.3,558.4,296,100,100,0,0,-0.2,0.2,1,0,0,0,4.8,566855,0,1307751,0,0,14,126184,59,22.3778,0.0894,0.0447
126,0,2,0,0,0,0,0,0,0,0,1.5,0,3,18,0.1,29.6,5.2,22.4,0,0,0,0,0,-0.3,0.3,0,0,0,0,4.2,3309,0,17178,0,0,0.7,41320,60,1.4,0,0
901,1,19,0,1,0,0,0,0,1,0,2.4,2,26,161,0.6,16.5,42.2,268.6,136,100,75,0,0,-0.2,0.2,1,0,0,0,4.3,94670,0,122273,0,0,6,223911,61,10.0111,0.0999,0
964,0,21,0,1,0,0,0,0,3,1,1.1,1,16,161,0,64.4,40.2,263.8,72,100,100,0,0,-0.1,0.1,0,0,0,0,4.4,4808,0,4221,0,0,3.6,15149,62,10.7111,0,0
1557,0,27,1,3,0,0,0,0,6,0,2.2,3,39,231,0.4,141.5,47.3,238.8,93,100,100,0,0,-0.2,0.2,1,0,0,0,4.3,62107,0,135438,0,0,9.1,54469,63,17.3,0,0.0578
0,0,0,0,0,0,0,0,0,0,0,0,0,0,0,0,0,0,0,0,100,75,0,0,-0.1,0.1,0,0,0,0,4.4,4973,0,9229,0,0,0,235530,64,0,0,0
1793,0,27,3,5,0,0,0,0,6,0,2.9,5,61,335,9.3,402.8,91.1,431.4,73,100,100,0,0,0.2,-0.2,1,0,0,0,4.2,1340333,0,1079301,0,0,14.5,171129,65,19.9222,0,0.1506
238,0,6,0,0,0,0,0,0,0,0,1,0,4,33,6.8,12.7,6.4,33.6,18,0,0,0,0,-0.1,0.1,0,0,0,0,3.9,404973,0,470180,0,0,1,222434,66,2.6444,0,0
2346,8,46,3,3,0,0,0,0,8,0,3.4,8,95,292,4.8,343.3,139.6,376.8,683,100,100,0,0,-0.6,0.6,1,0,0,0,7.4,886275,0,1729632,0,0,12.8,75115,67,26.0667,0.3069,0.1151
1461,4,22,3,3,0,0,0,0,0,0,3.6,8,69,227,3.3,308.8,102.2,318.2,394,100,100,0,0,-0.4,0.4,1,0,0,0,6.1,629776,0,1672761,0,0,11.3,78007,68,16.2333,0.2464,0.1848
1176,0,25,2,1,0,0,0,0,1,0,1.7,0,41,77,0.3,161.2,66,109.4,389,100,100,0,0,-0.4,0.4,0,0,0,0,5.1,32021,0,51740,0,0,8,154566,69,13.0667,0,0.1531
15,0,1,0,0,0,0,0,0,0,0,1,0,1,3,0.6,0.3,0.3,0.2,2,100,100,0,0,-0.2,0.2,0,0,0,0,4.3,61205,0,87209,0,0,0.2,217331,71,0.1667,0,0
0,0,0,0,0,0,0,0,0,0,0,0,0,0,0,0.7,0,0,0,0,0,0,0,0,-0.3,0.3,0,0,0,0,4.2,12454,0,155726,0,0,0,40349,72,0,0,0
0,0,0,0,0,0,0,0,0,0,0,0,0,0,0,0.2,0,0,0,0,0,0,0,0,-0.3,0.3,0,0,0,0,4.2,7753,0,20957,0,0,0,18726,73,0,0,0
90,0,3,0,0,0,0,2,0,0,0,1,0,1,9,0.2,0,1.5,15.2,0,0,0,0,0,-0.3,0.3,0,0,0,0,4.2,5296,0,13793,0,0,0.2,229600,74,1,0,0
2061,1,34,5,4,0,0,0,0,2,0,2.6,2,73,305,2.6,627.1,141.9,355.6,440,100,100,0,0,-0.7,0.7,0,0,0,0,6.8,150430,0,1130173,0,0,10.7,90105,75,22.9,0.0437,0.2183
0,0,0,0,0,0,0,0,0,0,0,0,0,0,0,0.1,0,0,0,0,100,75,0,0,-0.3,0.3,0,0,0,0,6.2,879,0,18848,0,0,0,111317,76,0,0,0
221,0,7,0,0,0,0,0,0,0,0,1.3,0,8,31,0,37.7,11.5,24.6,52,100,100,0,0,-0.1,0.1,0,0,0,0,5.9,1133,0,1155,0,0,1.4,56872,77,2.4556,0,0
48,0,1,0,0,0,0,0,0,0,0,1,0,2,10,0.1,5.4,1.2,6.8,0,100,100,0,0,-0.4,0.4,0,0,0,0,4.6,7343,0,23738,0,0,0.4,103912,78,0.5333,0,0
1000,0,19,1,2,0,0,0,0,3,0,1.6,0,32,147,0,124.6,31.8,150.4,44,100,100,0,0,0,0,0,0,0,0,5,6350,0,5538,0,0,6.4,155408,79,11.1111,0,0.09
234,0,6,0,0,0,0,0,0,1,0,1.2,0,6,28,0,25.5,5.6,23.6,8,100,100,0,0,-0.3,0.3,0,0,0,0,4.7,1465,0,4281,0,0,1.3,15237,80,2.6,0,0
878,2,16,1,1,0,0,0,0,1,0,2.4,1,39,127,0.1,71.8,47.8,226.2,182,100,100,0,0,-0.1,0.1,0,0,0,0,4.9,13618,0,10812,0,0,8,40387,81,9.7556,0.205,0.1025
1942,1,33,2,3,0,0,0,0,9,1,2,2,48,282,0.1,140.1,55.9,341.2,81,100,100,0,0,-0.2,0.2,0,0,0,0,4.8,13796,0,20972,0,0,10,152551,82,21.5778,0.0463,0.0927
1066,0,19,2,1,0,0,0,0,2,0,2.5,4,30,185,0.1,112.9,44.4,256.6,74,100,100,0,0,-0.2,0.2,0,0,0,0,4.3,8005,0,13373,0,0,7,154131,446,11.8444,0,0.1689
2162,1,36,1,5,0,0,0,0,7,0,2.2,5,60,314,0.2,203.8,100,503.8,291,100,100,0,0,0,0,1,0,0,0,5,27156,0,25925,0,0,12,168991,476,24.0222,0.0416,0.0416
405,0,6,1,2,0,0,0,0,0,0,2,0,18,55,0,39.8,20.5,45.4,120,100,75,0,0,-0.2,0.2,0,0,0,0,5.8,1095,0,4905,0,0,3.1,220307,492,4.5,0,0.2222
2520,0,44,1,4,0,0,102,0,0,0,3.4,10,96,520,3.5,10,76.9,759,0,100,100,0,0,0,0,3,0,0,0,4.5,664636,0,447801,0,0,21.3,225321,494,28,0,0.0357
1432,7,28,1,2,0,0,0,0,1,0,3.7,7,84,280,1.8,228.4,113.1,360.2,543,100,100,0,0,-0.2,0.2,2,0,0,0,5.8,633018,0,612300,0,0,14.5,153682,505,15.9111,0.4399,0.0628
0,0,0,0,0,0,0,0,0,0,0,0,0,0,0,0,0,0,0,0,0,0,0,0,0,0,0,0,0,0,4.5,749,0,544,0,0,0,461017,564,0,0,0
0,0,0,0,0,0,0,0,0,0,0,0,0,0,0,0,0,0,0,0,0,0,0,0,0,0,0,0,0,0,4.5,452,0,354,0,0,0,444183,565,0,0,0
0,0,0,0,0,0,0,0,0,0,0,0,0,0,0,0,0,0,0,0,0,0,0,0,-0.1,0.1,0,0,0,0,4.4,403,0,331,0,0,0,207300,574,0,0,0
1071,1,15,0,2,0,0,0,0,1,0,2.4,1,36,187,0.9,29.4,37.9,254,96,100,100,0,0,-0.2,0.2,0,0,0,0,4.8,50974,0,176295,0,0,7.5,61933,37,11.9,0.084,0
1703,0,25,1,6,0,0,0,0,5,0,2.6,3,60,293,0.6,335,82.8,317.6,173,100,100,0,0,-0.2,0.2,1,0,0,0,4.3,97022,0,108520,0,0,14,86153,38,18.9222,0,0.0528
541,0,12,0,1,0,0,0,0,1,0,1.8,3,18,102,0.1,58.6,26.4,122.6,82,100,100,0,0,-0.2,0.2,0,0,0,0,4.3,7626,0,12655,0,0,4.2,209362,39,6.0111,0,0
0,0,0,0,0,0,0,0,0,0,0,0,0,0,0,0.1,0,0,0,0,0,0,0,0,-0.2,0.2,0,0,0,0,4.3,1299,0,5100,0,0,0,52484,40,0,0,0
57,0,3,0,0,0,0,0,0,0,0,0.8,0,3,15,0.1,27.9,5,16,6,0,0,0,0,-0.3,0.3,0,0,0,0,4.2,2366,0,8306,0,0,0.7,42748,41,0.6333,0,0
2430,2,36,3,6,0,0,0,0,9,0,3.3,11,90,510,12.3,147.9,113.3,612.8,372,100,100,0,0,0.2,-0.2,3,0,0,0,4.7,1416152,0,1103412,0,0,19.1,83299,42,27,0.0741,0.1111
0,0,0,0,0,0,0,0,0,0,0,0,0,0,0,0,0,0,0,0,0,0,0,0,-0.2,0.2,0,0,0,0,4.3,432,0,1315,0,0,0,178173,43,0,0,0
701,1,10,0,2,0,0,0,0,0,0,1.5,0,29,54,0.7,46.2,30.6,58,205,100,100,0,0,-0.6,0.6,0,0,0,0,5.4,52658,0,225062,0,0,5.4,20529,44,7.7889,0.1284,0
85,0,1,0,1,0,0,0,0,0,0,1.5,0,3,5,0.1,1.3,3.3,3.2,30,0,0,0,0,-0.3,0.3,0,0,0,0,5.2,6761,0,23780,0,0,0.6,106757,45,0.9444,0,0
71,1,2,0,0,0,0,0,0,0,1,1.7,1,5,20,0.3,11.3,7.6,45,21,0,0,0,0,-0.3,0.3,0,0,0,0,4.7,159835,0,196731,0,0,1.1,93284,46,0.7889,1.2676,0
2610,0,40,0,6,0,0,92,0,0,0,3.5,12,102,577,13.9,0,79.2,791.6,0,0,0,0,0,0.2,-0.2,0,0,0,0,4.7,1136337,0,1017790,0,0,21.7,131897,47,29,0,0
0,0,0,0,0,0,0,0,0,0,0,0,0,0,0,20.5,0,0,0,0,0,0,0,0,-0.1,0.1,2,0,0,0,3.9,667332,0,853443,0,0,0,50093,48,0,0,0
1485,2,25,5,3,0,0,0,1,2,0,3,7,69,298,0.5,804,144.5,339.6,305,0,0,0,0,-0.3,0.3,0,0,0,0,6.2,112370,0,136833,0,0,11.1,60307,49,16.5,0.1212,0.303
284,2,3,1,1,0,0,0,0,0,0,3.2,2,26,86,0.1,60.5,25.7,90.2,106,100,100,0,0,-0.2,0.2,0,0,0,0,5.8,12390,0,14575,0,0,4.5,165210,50,3.1556,0.6338,0.3169
0,0,0,0,0,0,0,0,0,0,0,0,0,0,0,0,0,0,0,0,0,0,0,0,-0.1,0.1,0,0,0,0,5.4,203,0,283,0,0,0,167473,51,0,0,0
0,0,0,0,0,0,0,0,0,0,0,0,0,0,0,0,0,0,0,0,0,0,0,0,-0.2,0.2,0,0,0,0,5.3,314,0,959,0,0,0,83543,52,0,0,0
663,0,7,0,2,0,0,0,0,2,0,1.5,0,19,101,0,74.1,26.5,114,78,100,100,0,0,0,0,0,0,0,0,5,1315,0,1357,0,0,3.8,227127,53,7.3667,0,0
2340,1,36,2,5,0,0,0,1,4,0,2.5,2,64,384,0.4,379.5,108.2,461.2,243,100,100,0,0,-0.2,0.2,0,0,0,0,4.8,91558,0,94381,0,0,13.3,66242,54,26,0.0385,0.0769
880,0,12,1,4,0,0,0,0,2,0,2.3,3,30,99,0.2,200.5,62.2,156.8,264,100,100,0,0,-0.4,0.4,0,0,0,0,4.6,35213,0,58360,0,0,6.5,109345,55,9.7778,0,0.1023
0,0,0,0,0,0,0,0,0,0,0,0,0,0,0,0.2,0,0,0,0,100,100,0,0,-0.2,0.2,3,0,0,0,4.3,34710,0,31679,0,0,0,38490,56,0,0,0
1940,0,33,1,4,0,0,0,0,6,0,2,1,48,322,1.7,226.7,67,357,86,100,100,0,0,-0.1,0.1,0,0,0,0,4.4,187229,0,277612,0,0,10.9,40845,57,21.5556,0,0.0464
1438,3,24,5,2,0,0,0,0,0,0,3.3,6,75,278,0.4,489.1,117,316.2,367,100,100,0,0,-0.2,0.2,2,0,0,0,5.8,121423,0,145186,0,0,12.9,116216,421,15.9778,0.1878,0.3129
2147,0,32,0,6,0,0,0,0,4,0,2.3,0,57,366,0.2,275.6,83.8,461.2,102,100,100,0,0,0,0,0,0,0,0,4.5,35053,0,34830,0,0,12.7,78916,475,23.8556,0,0
2015,3,33,1,3,0,0,0,1,3,0,3,7,69,396,0.6,147.7,89.2,538.2,204,100,100,0,0,0,0,1,0,0,0,4.5,106229,0,72573,0,0,15.3,110735,493,22.3889,0.134,0.0447
2109,8,28,2,6,0,0,0,0,3,0,3.6,15,101,277,1.7,264.5,191.7,405,1250,0,0,0,0,-0.3,0.3,1,0,0,0,5.7,517364,0,441819,0,0,17.7,115382,502,23.4333,0.3414,0.0853
1651,2,26,1,4,0,0,0,0,0,1,2.9,9,64,267,0.7,510.3,111.9,354.8,255,100,100,0,0,-0.2,0.2,1,0,0,0,4.8,106729,0,81954,0,0,13.3,74471,516,18.3444,0.109,0.0545
827,2,13,2,3,0,0,0,0,0,0,2.4,3,41,90,1.1,62.9,49.2,91,347,100,75,0,0,-0.3,0.3,7,0,0,0,4.2,409579,0,347582,0,0,9.8,233425,534,9.1889,0.2177,0.2177
0,0,0,0,0,0,0,0,0,0,0,0,0,0,0,0.2,0,0,0,0,0,0,0,0,0,0,0,0,0,0,4,25663,0,20885,0,0,0,213056,536,0,0,0
1181,0,18,0,3,0,0,0,0,1,0,1.7,0,33,183,0.1,214.1,62.3,202,205,100,75,0,0,0,0,0,0,0,0,4.5,18986,0,12999,0,0,7.3,235382,537,13.1222,0,0
287,0,6,0,0,0,0,0,0,2,0,1.1,0,7,30,0.6,7.9,8.5,30.8,48,0,0,0,0,0,0,0,0,0,0,4,73238,0,42133,0,0,1.8,74375,546,3.1889,0,0
31,0,0,0,0,0,0,0,0,0,0,1,0,1,8,0.1,0,0,0,0,0,0,0,0,0,0,0,0,0,0,4,11776,0,6004,0,0,0.2,232792,586,0.3444,0,0
10,0,0,0,0,0,0,0,0,0,0,1,0,1,3,0,0.8,0.9,0.6,8,0,0,0,0,0,0,0,0,0,0,5.5,713,0,181,0,0,0.2,243016,627,0.1111,0,0
2610,0,40,2,11,0,0,0,0,7,0,3,1,87,476,1.2,95,101.7,577,343,0,0,0,0,0,0,0,0,0,0,5,108174,0,89835,0,0,17.4,51927,83,29,0,0.069
2610,1,40,2,11,0,0,0,0,8,0,3.5,10,101,515,3.9,110.9,107.4,668.6,294,100,100,0,0,0.2,-0.2,2,0,0,0,5.2,509909,0,368638,0,0,19.4,17761,84,29,0.0345,0.069
1350,0,26,1,5,0,0,0,0,2,0,2.7,0,41,236,0.3,178.1,45.9,264.8,15,100,0,0,0,-0.3,0.3,0,0,0,0,4.2,109485,0,112995,0,0,9.8,68983,85,15,0,0.0667
1260,0,14,1,6,0,0,0,0,4,0,3.4,2,48,230,0.3,93.1,40.1,230.4,77,100,100,0,0,-0.2,0.2,1,0,0,0,4.3,26879,0,21660,0,0,11.2,17997,86,14,0,0.0714
1375,0,11,0,7,0,0,0,0,3,0,3.2,2,55,258,2.4,196.6,45.7,239.4,19,100,100,0,0,-0.2,0.2,0,0,0,0,4.3,220453,0,140473,0,0,12.8,103914,87,15.2778,0,0
2,0,0,0,0,0,0,0,0,0,0,1,0,1,2,0.1,0.1,0,0,0,100,100,0,0,-0.2,0.2,0,0,0,0,4.3,4303,0,9363,0,0,0.2,41674,88,0.0222,0,0
0,0,0,0,0,0,0,0,0,0,0,0,0,0,0,2.5,0,0,0,0,0,0,0,0,-0.1,0.1,9,0,0,0,3.9,157218,0,205634,0,0,0,83312,89,0,0,0
1350,6,21,0,8,0,0,0,0,4,0,3.2,6,61,161,2.2,85.1,75.9,226.2,474,75,75,0,0,-0.4,0.4,1,0,0,0,6.1,1128129,0,1178508,0,0,10,44699,90,15,0.4,0
2061,11,28,1,10,0,0,0,1,1,0,4.2,16,109,302,1.5,248.1,158,453.8,891,100,100,0,0,-0.4,0.4,3,0,0,0,6.1,362312,0,375060,0,0,17.9,60689,91,22.9,0.4803,0.0437
328,2,1,1,2,0,0,0,0,0,0,2.6,3,26,84,0.2,55,32,111.4,153,100,100,0,0,-0.2,0.2,1,0,0,0,5.3,24256,0,17075,0,0,4.9,81183,92,3.6444,0.5488,0.2744
2610,0,40,0,11,0,1,89,0,0,0,4.4,17,128,598,18.8,30.3,70.3,671.6,2,100,100,0,0,0.4,-0.4,1,0,0,0,4.9,1678275,0,814138,0,0,26.1,98747,93,29,0,0
0,0,0,0,0,0,0,0,0,0,0,0,0,0,0,1.1,0,0,0,0,0,0,0,0,-0.3,0.3,0,0,0,0,4.2,24631,0,96657,0,0,0,15749,95,0,0,0
398,1,4,0,3,0,0,0,0,0,0,2.9,1,20,66,0.4,156.8,33.1,83.2,92,100,0,0,0,-0.1,0.1,0,0,0,0,5.9,79829,0,116385,0,0,3.4,60586,96,4.4222,0.2261,0
2529,2,38,6,12,0,0,0,0,4,0,3.4,6,99,410,1.1,713.6,152.6,503.8,309,100,100,0,0,0.1,-0.1,1,0,0,0,6.1,202009,0,157599,0,0,16.2,433154,97,28.1,0.0712,0.2135
395,1,10,2,1,0,0,0,0,1,0,2.1,0,29,104,0,87.2,27.9,105.6,86,100,100,0,0,0,0,0,0,0,0,5.5,3930,0,4496,0,0,5.3,90517,98,4.3889,0.2278,0.4557
0,0,0,0,0,0,0,0,0,0,0,0,0,0,0,0,0,0,0,0,0,0,0,0,0,0,0,0,0,0,5.5,323,0,443,0,0,0,39847,99,0,0,0
1930,2,30,2,10,0,0,0,0,8,0,2.8,4,67,197,0.1,213.7,76.5,269.8,282,100,100,0,0,-0.1,0.1,0,0,0,0,5.4,15032,0,16038,0,0,12.4,83314,100,21.4444,0.0933,0.0933
2340,2,29,6,11,0,0,0,0,9,0,3.5,9,91,415,0.9,589.1,116.6,456,121,100,100,0,0,0,0,1,0,0,0,5.5,99714,0,95135,0,0,16.5,60551,101,26,0.0769,0.2308
2365,0,36,0,10,0,0,0,0,1,0,2.3,0,62,279,0.2,192.7,80.5,300.4,311,100,100,0,0,-0.1,0.1,0,0,0,0,4.9,13832,0,23104,0,0,12.7,40145,102,26.2778,0,0
485,0,15,0,0,0,0,0,0,4,0,0.9,0,15,51,0.1,37.8,9.6,45,12,100,100,0,0,-0.4,0.4,0,0,0,0,4.6,5318,0,10956,0,0,3.3,17349,430,5.3889,0,0
1233,0,29,3,3,0,0,0,0,1,0,2.8,7,42,226,4,152.7,41.1,238.6,23,100,100,0,0,-0.3,0.3,1,0,0,0,4.2,1009563,0,913859,0,0,10,39487,447,13.7,0,0.219
1376,5,26,1,4,0,0,0,0,1,0,2.3,3,65,179,0.3,79.7,87.3,277.8,525,100,75,0,0,-0.3,0.3,0,0,0,0,5.7,37025,0,46571,0,0,11.4,44683,451,15.2889,0.327,0.0654
0,0,0,0,0,0,0,0,0,0,0,0,0,0,0,0.1,0,0,0,0,0,0,0,0,-0.2,0.2,0,0,0,0,4.3,1624,0,3695,0,0,0,220037,495,0,0,0
0,0,0,0,0,0,0,0,0,0,0,0,0,0,0,0,0,0,0,0,0,0,0,0,0,0,0,0,0,0,4.5,508,0,384,0,0,0,195064,571,0,0,0
0,0,0,0,0,0,0,0,0,0,0,0,0,0,0,0,0,0,0,0,0,0,0,0,-0.1,0.1,2,0,0,0,3.9,3023,0,1998,0,0,0,195471,572,0,0,0
0,0,0,0,0,0,0,0,0,0,0,0,0,0,0,0,0,0,0,0,0,0,0,0,0,0,0,0,0,0,4,1356,0,675,0,0,0,432793,596,0,0,0
1,0,0,0,0,0,0,0,0,0,0,1,0,1,3,0,0,0.2,2,0,0,0,0,0,-0.2,0.2,0,0,0,0,4.8,446,0,224,0,0,0.2,172782,620,0.0111,0,0
858,4,7,3,5,0,0,0,0,3,0,7,8,77,264,4.2,230.1,76.5,306.4,230,100,100,0,0,-0.3,0.3,3,0,0,0,6.2,432985,0,487410,0,0,12.4,82263,103,9.5333,0.4196,0.3147
1125,2,13,0,3,0,0,0,1,3,0,3.3,3,43,228,0.6,45.3,50.1,274.4,181,100,100,0,0,0,0,1,0,0,0,6,57504,0,38359,0,0,7.2,102380,104,12.5,0.16,0
2419,2,38,3,5,0,0,0,0,0,0,3.3,7,88,494,6,484.3,151.7,666.6,364,100,100,0,0,-0.1,0.1,2,0,0,0,5.9,375548,0,529895,0,0,14.9,41328,105,26.8778,0.0744,0.1116
1020,0,21,0,1,0,0,0,0,3,0,1.3,0,18,179,0.7,298.4,73.1,207.6,225,100,100,0,0,-0.1,0.1,0,0,0,0,5.4,178967,0,231218,0,0,3.3,109533,107,11.3333,0,0
1256,0,24,0,2,0,0,0,0,5,0,1.5,0,22,222,0.6,48.4,35.9,247.2,63,100,100,0,0,-0.2,0.2,0,0,0,0,4.8,65036,0,104846,0,0,4.6,135363,108,13.9556,0,0
0,0,0,0,0,0,0,0,0,0,0,0,0,0,0,0.2,0,0,0,0,0,0,0,0,-0.3,0.3,0,0,0,0,4.2,3355,0,27965,0,0,0,105700,109,0,0,0
438,2,7,1,3,0,0,0,0,0,0,3.1,3,28,88,2.1,93.3,38.7,96.4,202,100,100,0,0,-0.4,0.4,0,0,0,0,6.6,160458,0,193074,0,0,4.2,44346,110,4.8667,0.411,0.2055
2250,0,32,0,6,0,0,42,0,0,0,2.8,0,69,387,4.3,0,38.4,384.2,0,0,0,0,0,-0.1,0.1,0,0,0,0,5.4,348700,0,458062,0,0,12.8,109745,111,25,0,0
360,0,7,0,0,0,0,9,0,0,0,1.8,0,7,49,0.3,0,8,80,0,0,0,0,0,-0.2,0.2,0,0,0,0,4.8,10768,0,15169,0,0,1.5,20310,112,4,0,0
1923,5,21,6,8,0,0,0,0,3,0,4,16,113,483,4.2,792.7,201.2,561.4,657,100,100,0,0,0,0,4,0,0,0,7,987844,0,811050,0,0,16.1,47431,113,21.3667,0.234,0.2808
653,1,12,2,2,0,0,0,0,1,0,3.3,1,30,122,1.3,227,71.9,159.4,332,100,100,0,0,-0.2,0.2,1,0,0,0,6.8,138075,0,270240,0,0,4.4,49579,114,7.2556,0.1378,0.2756
0,0,0,0,0,0,0,0,0,0,0,0,0,0,0,0.1,0,0,0,0,100,100,0,0,-0.2,0.2,0,0,0,0,6.3,3811,0,6479,0,0,0,126187,115,0,0,0
768,1,12,4,2,0,0,0,0,1,0,2.6,3,45,172,0.5,310.5,83.6,204.8,323,100,75,0,0,-0.8,0.8,0,0,0,0,5.2,332469,0,322786,0,0,8.7,209046,116,8.5333,0.1172,0.4688
670,0,7,4,4,0,0,0,0,0,0,2.8,3,37,124,1.8,258.6,69,171.8,262,100,100,0,0,-0.3,0.3,1,0,0,0,5.7,122950,0,464057,0,0,6.5,88894,117,7.4444,0,0.5373
2009,4,32,3,4,0,0,0,0,10,0,3.1,9,81,470,3.4,390.3,109.1,541,156,0,0,0,0,-0.1,0.1,1,0,0,0,4.9,645050,0,704520,0,0,16.5,85955,118,22.3222,0.1792,0.1344
1383,3,20,0,2,0,0,0,0,3,0,2.7,2,49,242,3.6,369.3,94,368,201,100,100,0,0,0,0,0,0,0,0,5,410880,0,690671,0,0,9.8,116594,119,15.3667,0.1952,0
0,0,0,0,0,0,0,0,0,0,0,0,0,0,0,0,0,0,0,0,0,0,0,0,-0.2,0.2,0,0,0,0,4.3,1690,0,2596,0,0,0,199598,121,0,0,0
1069,5,19,3,3,0,0,0,0,0,0,4.4,5,70,217,3.4,271.9,132.7,335.6,719,100,75,0,0,-0.6,0.6,1,0,0,0,6.9,1406452,0,1811356,0,0,10.1,176413,431,11.8778,0.421,0.2526
1678,1,29,3,2,0,0,0,0,7,0,2.3,6,58,388,0.9,391.8,98.2,424.6,168,100,100,0,0,-0.2,0.2,0,0,0,0,5.3,126097,0,156713,0,0,10.9,91651,432,18.6444,0.0536,0.1609
1803,0,27,0,4,0,0,0,1,5,0,1.9,1,42,307,1.5,30.9,55.5,394.8,133,100,100,0,0,-0.3,0.3,0,0,0,0,4.7,152549,0,273283,0,0,8.9,103192,459,20.0333,0,0
1930,13,27,5,7,0,0,0,1,2,0,5.2,20,131,396,14.7,265.7,191.5,581.2,1077,100,100,0,0,0.5,-0.5,4,0,0,0,7.5,5415158,0,4829231,0,0,17.5,173879,460,21.4444,0.6062,0.2332
224,1,8,2,0,0,0,0,0,0,0,1.8,1,28,59,0.5,42.9,28.3,61.8,185,0,0,0,0,-0.4,0.4,0,0,0,0,6.6,96272,0,132828,0,0,4.2,94245,461,2.4889,0.4018,0.8036
0,0,0,0,0,0,0,0,0,0,0,0,0,0,0,0,0,0,0,0,0,0,0,0,-0.3,0.3,0,0,0,0,5.2,915,0,4609,0,0,0,167767,462,0,0,0
2296,6,33,5,7,0,0,0,0,3,0,3.8,8,111,424,15.4,668.6,207.4,547,857,100,100,0,0,0.2,-0.2,1,0,0,0,6.2,4007310,0,3179877,0,0,17.9,184341,463,25.5111,0.2352,0.196
1065,0,14,2,3,0,0,0,0,1,0,2.6,5,45,257,0.9,280.8,64.9,242,125,100,100,0,0,0.1,-0.1,1,0,0,0,5.1,128525,0,74876,0,0,8.8,225796,506,11.8333,0,0.169
1291,1,18,0,4,0,0,0,0,3,0,3.2,7,48,271,1.7,68.6,48.5,335.4,79,100,100,0,0,-0.3,0.3,2,0,0,0,4.2,815915,0,736778,0,0,11.4,194794,529,14.3444,0.0697,0
99,0,1,0,1,0,0,0,0,0,0,1.7,0,5,18,0.3,26.3,4.2,13,3,100,100,0,0,0,0,0,0,0,0,4.5,20473,0,3396,0,0,1.1,243568,533,1.1,0,0
0,0,0,0,0,0,0,0,0,0,0,0,0,0,0,0.1,0,0,0,0,0,0,0,0,-0.1,0.1,0,0,0,0,3.9,6751,0,6852,0,0,0,209036,545,0,0,0
19,0,0,0,0,0,0,0,0,0,0,1,0,1,1,0,1.2,1,0,9,0,0,0,0,0,0,0,0,0,0,4.5,39,0,10,0,0,0.2,223332,630,0.2111,0,0
4,0,0,0,0,0,0,0,0,0,0,1,0,1,2,0,0.3,0,0,0,0,0,0,0,0,0,0,0,0,0,4.5,139,0,32,0,0,0.2,440323,631,0.0444,0,0
1892,3,24,0,7,0,0,0,1,0,0,4,8,87,404,5.5,387,98.7,397.6,202,100,100,0,0,0.1,-0.1,2,0,0,0,5.6,891098,0,1012922,0,0,15.5,74230,123,21.0222,0.1427,0
1582,1,23,1,3,0,0,0,0,5,0,2.7,4,48,260,0.3,27.7,53.3,384,121,100,100,0,0,0,0,1,0,0,0,5,87434,0,74592,0,0,9.6,49413,124,17.5778,0.0569,0.0569
465,0,8,0,0,0,0,0,0,0,1,0.9,0,7,69,0.1,13.2,10.6,86,6,100,100,0,0,0,0,0,0,0,0,5,4866,0,8880,0,0,1.4,40784,125,5.1667,0,0
1570,0,18,1,6,0,0,0,0,3,0,3.1,7,62,282,1.4,86.9,38.7,267.6,32,100,100,0,0,-0.2,0.2,0,0,0,0,4.3,312475,0,279150,0,0,14.4,55494,126,17.4444,0,0.0573
634,0,3,1,4,0,0,0,0,0,0,4.1,3,37,154,0.2,31.5,28,152.2,96,100,100,0,0,-0.2,0.2,1,0,0,0,4.3,18253,0,22185,0,0,8.6,19188,127,7.0444,0,0.142
1547,0,16,1,6,0,0,0,0,0,0,3.4,4,64,288,19.8,96.5,41.7,305.4,15,100,100,0,0,0.1,-0.1,0,0,0,0,4.1,1870153,0,2039990,0,0,15.6,58786,128,17.1889,0,0.0582
916,1,11,1,4,0,0,0,0,4,0,1.6,1,33,106,0.6,221.2,85.7,181.6,455,100,100,0,0,-0.3,0.3,0,0,0,0,5.7,39770,0,80903,0,0,5.8,54861,129,10.1778,0.0983,0.0983
90,1,2,1,0,0,0,0,0,0,0,2.5,2,15,48,1.9,34.5,15.8,59.8,64,0,0,0,0,-0.2,0.2,0,0,0,0,4.3,269330,0,487660,0,0,3.5,59125,130,1,1,1
2430,0,28,0,9,0,0,89,1,1,0,4.3,16,116,522,2.1,0,66,660.8,0,100,100,0,0,0,0,3,0,0,0,5,350261,0,257170,0,0,23.2,40836,131,27,0,0
180,0,4,0,0,0,0,13,0,0,0,3,0,6,42,0.6,0,8.7,87.4,0,0,0,0,0,-0.3,0.3,0,0,0,0,4.2,19095,0,53693,0,0,1.4,20066,132,2,0,0
2545,3,32,5,8,0,0,0,0,4,0,3.3,4,95,267,9.5,456.5,175.7,468,830,100,100,0,0,-0.3,0.3,1,0,0,0,6.7,1142259,0,1730725,0,0,14.2,82403,133,28.2778,0.1061,0.1768
1985,2,26,1,6,0,0,0,0,9,0,2.7,7,62,300,1.9,437.7,95,361.6,151,100,100,0,0,-0.3,0.3,1,0,0,0,6.7,62660,0,448233,0,0,9.3,66975,134,22.0556,0.0907,0.0453
791,1,12,1,3,0,0,0,0,0,0,2.3,0,34,141,0.9,132.8,37.1,167.8,70,100,100,0,0,-0.4,0.4,0,0,0,0,5.6,49726,0,221237,0,0,6.1,60252,135,8.7889,0.1138,0.1138
541,0,7,0,1,0,0,0,0,1,0,1.4,0,18,43,0.1,27.4,16.9,49.8,94,100,100,0,0,-0.3,0.3,0,0,0,0,5.2,4433,0,11315,0,0,3.5,141020,136,6.0111,0,0
856,2,12,1,4,0,0,0,0,2,0,2.9,3,40,121,0.1,95.3,52.7,198,233,100,100,0,0,-0.1,0.1,1,0,0,0,5.4,20135,0,26253,0,0,7.4,86417,137,9.5111,0.2103,0.1051
2426,0,25,4,10,0,0,0,0,5,0,2.7,2,75,344,0.6,348.8,118.3,491,341,100,100,0,0,-0.3,0.3,0,0,0,0,5.2,44089,0,118954,0,0,14.4,50471,138,26.9556,0,0.1484
1983,1,23,2,9,0,0,0,0,2,0,2.7,4,72,238,0.2,154,72,301.8,267,100,100,0,0,-0.1,0.1,0,0,0,0,4.9,31177,0,29592,0,0,14.7,55037,139,22.0333,0.0454,0.0908
0,0,0,0,0,0,0,0,0,0,0,0,0,0,0,0.1,0,0,0,0,0,0,0,0,-0.2,0.2,0,0,0,0,4.3,12242,0,11163,0,0,0,221275,140,0,0,0
462,2,6,0,2,0,0,0,0,0,0,2.4,1,24,86,0.1,63.4,37.7,89,229,0,0,0,0,-0.3,0.3,0,0,0,0,5.7,27572,0,34866,0,0,4.2,66838,146,5.1333,0.3896,0
1170,0,16,0,2,0,0,0,0,6,0,1.3,0,31,151,0.8,190.8,45.6,202.6,61,100,100,0,0,-0.2,0.2,2,0,0,0,4.3,79395,0,73782,0,0,7.2,50472,157,13,0,0
2382,8,27,2,11,0,0,0,0,5,0,3.9,19,108,366,8.8,314,150.7,479.2,718,0,0,0,0,0.2,-0.2,1,0,0,0,5.2,1551895,0,1194488,0,0,20.8,80146,468,26.4667,0.3023,0.0756
1800,0,26,1,6,0,0,0,0,1,0,3,3,59,331,1.4,38.7,71.1,396.2,273,100,100,0,0,-0.1,0.1,0,0,0,0,4.4,138815,0,186352,0,0,13.4,19419,503,20,0,0.05
5,0,0,0,0,0,0,0,0,0,0,1,0,1,3,0.1,0.1,0,0.2,0,0,0,0,0,-0.5,0.5,0,0,0,0,4.5,4825,0,49435,0,0,0.2,175946,510,0.0556,0,0
608,0,7,0,0,0,0,0,0,0,0,1.5,0,15,89,0,38.4,15.7,93.2,25,100,100,0,0,0,0,0,0,0,0,4.5,2463,0,1780,0,0,3.3,173954,539,6.7556,0,0
0,0,0,0,0,0,0,0,0,0,0,0,0,0,0,0.4,0,0,0,0,0,0,0,0,0,0,0,0,0,0,4,42688,0,19687,0,0,0,42525,556,0,0,0
0,0,0,0,0,0,0,0,0,0,0,0,0,0,0,0,0,0,0,0,0,0,0,0,-0.1,0.1,0,0,0,0,3.9,5036,0,3782,0,0,0,221272,578,0,0,0
0,0,0,0,0,0,0,0,0,0,0,0,0,0,0,0,0,0,0,0,0,0,0,0,0,0,0,0,0,0,4,2304,0,1501,0,0,0,244723,579,0,0,0
7,0,0,0,0,0,0,0,0,0,0,1,0,1,5,0,21,2.7,4.4,2,0,0,0,0,0,0,0,0,0,0,4.5,313,0,216,0,0,0.2,466955,580,0.0778,0,0
0,0,0,0,0,0,0,0,0,0,0,0,0,0,0,0,0,0,0,0,0,0,0,0,0,0,0,0,0,0,4.5,1054,0,1002,0,0,0,432705,581,0,0,0
0,0,0,0,0,0,0,0,0,0,0,0,0,0,0,0,0,0,0,0,0,0,0,0,0,0,0,0,0,0,4.5,228,0,144,0,0,0,209043,588,0,0,0
0,0,0,0,0,0,0,0,0,0,0,0,0,0,0,0,0,0,0,0,0,0,0,0,0,0,0,0,0,0,4.5,331,0,266,0,0,0,234720,608,0,0,0
1162,1,26,0,1,0,0,0,0,0,0,2.1,2,38,168,0.9,279.9,76,186.6,293,100,100,0,0,-0.4,0.4,0,0,0,0,5.6,134375,0,240432,0,0,6.8,153133,17,12.9111,0.0775,0
2241,0,40,5,6,0,0,0,1,2,0,3.2,12,83,474,11.1,887.8,165,532.2,229,100,100,0,0,-0.3,0.3,3,0,0,0,5.7,1247631,0,2137120,0,0,14.6,101188,141,24.9,0,0.2008
2085,2,36,1,5,0,0,0,1,3,0,2.9,8,73,380,2.2,76.4,96.7,486,405,100,100,0,0,-0.2,0.2,1,0,0,0,5.3,420369,0,433670,0,0,13.8,164511,142,23.1667,0.0863,0.0432
1746,1,32,0,4,0,0,0,0,0,0,2.5,3,55,307,1.9,45.4,58.3,382.8,154,100,100,0,0,-0.3,0.3,0,0,0,0,5.2,149508,0,241075,0,0,10.6,106611,143,19.4,0.0515,0
1189,0,20,1,3,0,0,0,0,3,1,1.9,2,34,207,1.1,126.5,47.5,215.4,132,100,100,0,0,-0.2,0.2,0,0,0,0,5.3,114843,0,267692,0,0,6.4,59949,144,13.2111,0,0.0757
332,0,6,1,0,0,0,0,0,0,0,2.2,0,11,75,0.2,97.5,17.7,73.8,5,100,100,0,0,-0.1,0.1,0,0,0,0,4.9,13865,0,16245,0,0,2.2,12745,145,3.6889,0,0.2711
1904,13,35,1,5,0,0,0,0,7,0,4.1,15,111,377,16.5,211.8,174,529,1009,0,0,0,0,0.5,-0.5,2,0,0,0,6.5,1754468,0,678656,0,0,17.1,177815,147,21.1556,0.6145,0.0473
2610,0,46,0,6,0,0,75,0,1,0,2.9,3,84,473,6.4,3,59.4,593.6,0,0,0,0,0,-0.3,0.3,1,0,0,0,5.2,481652,0,721709,0,0,16.2,111234,148,29,0,0
0,0,0,0,0,0,0,0,0,0,0,0,0,0,0,7,0,0,0,0,0,0,0,0,-0.1,0.1,7,0,0,0,3.9,197695,0,264599,0,0,0,10318,149,0,0,0
2352,10,42,5,6,0,0,0,0,5,0,4.9,13,133,428,12.4,438.3,215.4,688.8,1025,100,100,0,0,0.3,-0.3,2,0,0,0,8.3,2126390,0,1890809,0,0,16,212319,150,26.1333,0.3827,0.1913
1992,1,37,3,5,0,0,0,0,3,0,2.7,4,69,302,2.4,676.8,141.7,333,407,100,100,0,0,-0.7,0.7,0,0,0,0,7.3,143197,0,824972,0,0,9.5,55422,151,22.1333,0.0452,0.1355
1016,3,10,2,7,0,0,0,0,2,0,3.2,6,60,197,0.7,287,77.4,271.4,218,100,100,0,0,-0.1,0.1,2,0,0,0,6.4,200447,0,217757,0,0,9.4,100649,152,11.2889,0.2657,0.1772
1058,1,14,3,3,0,0,0,0,1,0,2.3,1,49,133,0.4,213.2,82,149.4,455,100,100,0,0,-0.3,0.3,0,0,0,0,6.2,24123,0,60537,0,0,7.9,20467,153,11.7556,0.0851,0.2552
1365,1,26,1,3,0,0,0,0,7,0,2,3,42,160,0.1,94.9,50.8,192.4,219,0,0,0,0,-0.2,0.2,1,0,0,0,5.3,14695,0,18011,0,0,7.9,173807,154,15.1667,0.0659,0.0659
0,0,0,0,0,0,0,0,0,0,0,0,0,0,0,0,0,0,0,0,0,0,0,0,0,0,0,0,0,0,5,241,0,632,0,0,0,219352,155,0,0,0
0,0,0,0,0,0,0,0,0,0,0,0,0,0,0,0,0,0,0,0,0,0,0,0,0,0,0,0,0,0,5,494,0,2171,0,0,0,80801,156,0,0,0
998,0,20,0,1,0,0,0,0,4,1,1.2,0,18,132,0.6,78.5,25.5,143.2,32,0,0,0,0,-0.1,0.1,0,0,0,0,4.4,38948,0,85672,0,0,4.1,42774,158,11.0889,0,0
1187,0,24,0,2,0,0,0,0,3,1,1.5,2,24,202,0.2,146.7,35.4,183,24,100,100,0,0,-0.2,0.2,0,0,0,0,5.3,13667,0,30928,0,0,4.5,41823,205,13.1889,0,0
786,0,13,0,2,0,0,0,0,5,0,1.5,0,16,93,0.3,100.2,19.5,69,25,100,100,0,0,-0.3,0.3,0,0,0,0,5.2,14559,0,70220,0,0,3.1,120250,422,8.7333,0,0
0,0,0,0,0,0,0,0,0,0,0,0,0,0,0,0.1,0,0,0,0,0,0,0,0,-0.3,0.3,0,0,0,0,4.2,4646,0,11464,0,0,0,232964,477,0,0,0
1732,0,32,4,3,0,0,0,0,4,0,2.5,5,55,343,2,52.2,59.5,390.6,150,0,0,0,0,-0.2,0.2,0,0,0,0,4.3,270354,0,143253,0,0,12.8,194164,478,19.2444,0,0.2079
0,0,0,0,0,0,0,0,0,0,0,0,0,0,0,0.2,0,0,0,0,0,0,0,0,-0.3,0.3,0,0,0,0,4.2,2342,0,30232,0,0,0,57513,479,0,0,0
670,1,12,2,1,0,0,0,0,0,0,1.8,3,40,95,1.4,99.8,51,99,318,0,0,0,0,-0.7,0.7,0,0,0,0,6.3,87592,0,453217,0,0,6.3,242058,496,7.4444,0.1343,0.2687
135,0,0,0,1,0,0,0,0,0,0,2,0,4,14,0,6.3,2.6,20,0,0,75,0,0,-0.2,0.2,0,0,0,0,4.8,2782,0,7202,0,0,0.8,160987,497,1.5,0,0
1638,0,29,4,4,0,0,0,0,3,0,3,9,64,343,1,318.3,84.9,421,111,100,100,0,0,-0.5,0.5,1,0,0,0,5,236942,0,197392,0,0,12.8,102747,511,18.2,0,0.2198
0,0,0,0,0,0,0,0,0,0,0,0,0,0,0,0,0,0,0,0,100,100,0,0,0,0,0,0,0,0,4.5,839,0,679,0,0,0,195855,557,0,0,0
59,0,0,0,0,0,0,0,0,0,0,1,0,2,7,0,7.5,2.4,3.4,14,0,0,0,0,0,0,0,0,0,0,4.5,3693,0,2985,0,0,0.4,232826,561,0.6556,0,0
19,0,2,0,0,0,0,0,0,0,0,1,0,3,1,0,1.8,0.9,7,0,0,0,0,0,0,0,0,0,0,0,4.5,3745,0,2458,0,0,0.7,113688,570,0.2111,0,0
0,0,0,0,0,0,0,0,0,0,0,0,0,0,0,0,0,0,0,0,0,0,0,0,0,0,0,0,0,0,4,2747,0,1706,0,0,0,56192,577,0,0,0
0,0,0,0,0,0,0,0,0,0,0,0,0,0,0,0,0,0,0,0,0,0,0,0,0,0,0,0,0,0,4,172,0,54,0,0,0,222627,629,0,0,0
2520,3,27,2,10,0,0,0,0,1,0,4.4,11,123,568,12.7,446.5,141.9,738,235,0,0,0,0,0.3,-0.3,3,0,0,0,6.3,1583911,0,1160810,0,0,19.5,111931,159,28,0.1071,0.0714
2059,2,23,3,8,0,0,0,0,2,0,4.1,3,94,428,8.4,443.9,106.7,455.2,167,100,100,0,0,0,0,1,0,0,0,5.5,1237364,0,1053961,0,0,17.1,172850,161,22.8778,0.0874,0.1311
2574,1,28,2,10,0,0,0,0,5,0,3.7,10,108,576,6.4,80.3,99.9,621.6,296,100,100,0,0,0.3,-0.3,3,0,0,0,5.3,780284,0,428336,0,0,20.4,37642,162,28.6,0.035,0.0699
634,0,6,0,2,0,0,0,0,0,0,3,2,24,119,0.3,47.7,19.7,131.2,18,0,0,0,0,-0.3,0.3,0,0,0,0,4.2,26453,0,37252,0,0,5.7,37402,163,7.0444,0,0
2520,1,27,1,10,0,0,0,0,4,0,3.7,9,103,577,15.9,69,91.4,637.6,205,0,0,0,0,0.4,-0.4,1,0,0,0,4.9,2120200,0,1078441,0,0,21,218031,164,28,0.0357,0.0357
160,0,1,0,0,0,0,0,0,0,0,1.1,0,9,35,0.6,0.7,8.2,45.8,36,100,100,0,0,-0.4,0.4,0,0,0,0,4.1,31603,0,91204,0,0,2.2,15033,165,1.7778,0,0
2222,19,25,6,8,1,0,0,0,2,0,6.4,27,167,615,29.8,228.9,199.7,817.6,958,100,100,0,0,0.7,-0.7,7,0,0,0,9.7,4603298,0,3360493,0,0,17.2,101668,166,24.6889,0.7696,0.243
579,3,7,4,1,0,0,0,0,1,0,3.7,5,44,139,0.4,142.3,68.6,184.8,360,100,100,0,0,-0.3,0.3,1,0,0,0,5.7,61061,0,65509,0,0,7.7,173515,167,6.4333,0.4663,0.6218
2610,0,28,0,10,0,1,81,0,2,0,4.1,6,119,552,14.3,10,70.7,696.4,0,0,0,0,0,0.4,-0.4,1,0,0,0,5.4,1269824,0,767894,0,0,22,17745,168,29,0,0
0,0,0,0,0,0,0,0,0,0,0,0,0,0,0,0.1,0,0,0,0,0,0,0,0,-0.3,0.3,0,0,0,0,4.2,1536,0,5566,0,0,0,11974,169,0,0,0
0,0,0,0,0,0,0,0,0,0,0,0,0,0,0,0.2,0,0,0,0,0,0,0,0,-0.3,0.3,0,0,0,0,4.2,2387,0,9291,0,0,0,95463,170,0,0,0
2399,6,25,5,9,0,0,0,0,4,0,4.2,14,119,501,18.8,1171.8,242,613.6,634,100,100,0,0,0.5,-0.5,1,0,0,0,7.5,3092189,0,2503370,0,0,15.9,172780,171,26.6556,0.2251,0.1876
1705,6,16,8,7,0,0,0,0,0,0,4.1,8,112,336,4.4,437.9,164.1,457.4,745,100,100,0,0,0.2,-0.2,2,0,0,0,6.2,526641,0,229971,0,0,18.1,201666,172,18.9444,0.3167,0.4223
0,0,0,0,0,0,0,0,0,0,0,0,0,0,0,0,0,0,0,0,0,0,0,0,-0.4,0.4,0,0,0,0,5.1,612,0,3909,0,0,0,115858,173,0,0,0
476,0,7,3,1,0,0,0,0,1,0,1.9,1,27,121,0.2,164.4,35.5,126.4,64,0,0,0,0,-0.4,0.4,0,0,0,0,5.1,9968,0,21821,0,0,5.3,51938,174,5.2889,0,0.5672
409,1,4,2,0,1,0,0,0,1,0,1.7,0,24,80,0.2,114.3,37.8,109.2,156,100,100,0,0,-0.5,0.5,0,0,0,0,5,11591,0,37480,0,0,4.8,172632,175,4.5444,0.2201,0.4401
1891,2,19,1,9,0,0,0,0,3,0,2.9,5,67,347,1.7,192.4,84,492,155,100,100,0,0,0,0,0,0,0,0,5,386260,0,407493,0,0,13.4,203341,176,21.0111,0.0952,0.0476
5,0,0,0,0,0,0,0,0,0,0,1,0,1,3,0.2,0.1,0.1,0.4,0,100,100,0,0,-0.2,0.2,0,0,0,0,4.3,12958,0,25623,0,0,0.2,61604,177,0.0556,0,0
0,0,0,0,0,0,0,0,0,0,0,0,0,0,0,0.2,0,0,0,0,0,0,0,0,-0.3,0.3,7,0,0,0,4.2,27851,0,37288,0,0,0,155569,178,0,0,0
200,0,3,0,0,0,0,0,0,0,0,1.4,0,7,53,0.8,34.8,8.1,37,9,100,100,0,0,-0.2,0.2,0,0,0,0,4.3,95961,0,114952,0,0,1.6,86881,179,2.2222,0,0
777,1,10,1,3,0,0,0,0,2,1,1.9,0,30,139,0.8,66.8,32.5,175,83,100,100,0,0,-0.2,0.2,0,0,0,0,4.3,142852,0,137798,0,0,7,197469,180,8.6333,0.1158,0.1158
1578,7,17,5,7,0,0,0,0,0,0,4.4,9,110,329,8.4,351.3,147.1,471.4,646,0,0,0,0,-0.3,0.3,4,0,0,0,6.2,1279921,0,1693041,0,0,17.7,168580,265,17.5333,0.3992,0.2852
603,0,9,0,2,0,0,0,0,2,0,1.9,0,21,110,0.3,33.7,16.3,113.6,16,100,100,0,0,-0.2,0.2,0,0,0,0,4.8,17628,0,44379,0,0,4.4,41727,404,6.7,0,0
200,0,1,1,1,0,0,0,0,0,0,3.2,0,13,49,0.1,43.2,11.3,60.6,10,0,0,0,0,-0.3,0.3,0,0,0,0,4.7,3636,0,7842,0,0,2.8,220627,433,2.2222,0,0.45
2148,3,24,5,9,0,0,0,0,1,0,3.4,5,95,393,4.2,560.7,138,431.6,386,0,0,0,0,-0.4,0.4,2,0,0,0,6.1,922632,0,1027524,0,0,15.6,166989,448,23.8667,0.1257,0.2095
0,0,0,0,0,0,0,0,0,0,0,0,0,0,0,0.3,0,0,0,0,0,0,0,0,-0.3,0.3,9,0,0,0,4.2,40987,0,66856,0,0,0,13152,480,0,0,0
961,1,10,3,2,0,0,0,0,2,0,2.3,3,48,188,0.1,131.7,48.1,174.2,177,0,0,0,0,-0.2,0.2,0,0,0,0,5.3,9726,0,11813,0,0,9.1,106837,517,10.6778,0.0937,0.281
0,0,0,0,0,0,0,0,0,0,0,0,0,0,0,0,0,0,0,0,0,0,0,0,-0.1,0.1,0,0,0,0,3.9,2376,0,1228,0,0,0,213405,597,0,0,0
2443,1,20,7,11,0,0,0,0,1,0,4.9,15,137,641,19.8,708.4,163.3,619.4,304,100,100,0,0,0,0,1,0,0,0,7,1335698,0,2040537,0,0,19.6,122798,181,27.1444,0.0368,0.2579
2549,2,21,14,11,0,0,0,0,4,0,5.7,18,166,727,44.6,1169.3,234.5,822.2,353,100,100,0,0,0.8,-0.8,6,0,0,0,7.8,2771558,0,1302586,0,0,21.3,169187,182,28.3222,0.0706,0.4943
2610,4,21,1,12,0,0,0,0,1,0,4.9,12,141,631,44.4,116.2,120.9,739,355,100,100,0,0,0,0,2,0,0,0,6.5,1744903,0,2263545,0,0,21.7,97032,183,29,0.1379,0.0345
1277,0,5,0,10,0,0,0,0,3,0,4,7,76,332,5.1,80.5,35.9,270,8,100,100,0,0,-0.2,0.2,0,0,0,0,5.3,542017,0,312438,0,0,14.3,171287,184,14.1889,0,0
631,1,5,0,2,0,0,0,0,0,0,4.1,4,33,143,1.1,20.9,25,192.4,35,100,100,0,0,-0.3,0.3,0,0,0,0,5.2,446387,0,493508,0,0,6.3,60914,185,7.0111,0.1426,0
759,0,11,1,0,0,0,0,0,1,0,1.9,0,17,143,0.2,27.9,27.4,192.4,52,100,100,0,0,-0.2,0.2,0,0,0,0,5.3,52600,0,64849,0,0,3.2,38454,186,8.4333,0,0.1186
2410,8,16,8,14,0,0,0,0,0,0,4.5,18,130,500,14.9,535.2,255.6,626.8,1392,0,0,0,0,0,0,2,0,0,0,9.5,2094203,0,1864871,0,0,13.7,92217,187,26.7778,0.2988,0.2988
513,3,10,3,1,0,0,0,0,0,0,2.4,6,52,185,2.4,99.3,43.7,164.8,173,100,100,0,0,-0.4,0.4,1,0,0,0,5.1,427002,0,613049,0,0,10.2,152760,188,5.7,0.5263,0.5263
1733,0,12,1,10,0,0,45,0,0,1,4.5,6,89,408,9.3,10,38.8,377,0,100,100,0,0,0.2,-0.2,1,0,0,0,6.2,733712,0,1986842,0,0,14.4,116535,189,19.2556,0,0.0519
0,0,0,0,0,0,0,0,0,0,0,0,0,0,0,0,0,0,0,0,0,0,0,0,0,0,0,0,0,0,4.5,651,0,3031,0,0,0,66797,190,0,0,0
2243,16,15,6,14,0,0,0,0,1,0,7.2,23,186,541,43.6,637.9,308.9,834.4,1618,100,100,0,0,0.2,-0.2,6,0,0,0,12.7,3426929,0,3182873,0,0,14.6,118748,191,24.9222,0.642,0.2407
2077,14,18,9,9,0,0,0,0,2,0,6.7,22,175,520,25.1,580.8,234.4,791.6,970,100,100,0,0,1,-1,7,0,0,0,12.5,4119513,0,3498927,0,0,14,110979,192,23.0778,0.6066,0.39
1096,3,7,0,7,0,0,0,0,1,0,2.7,2,56,195,0.7,235.2,77.2,229.2,309,100,100,0,0,-0.3,0.3,0,0,0,0,6.2,125912,0,119926,0,0,9,81880,193,12.1778,0.2463,0
174,1,2,0,1,0,0,0,0,0,0,2.3,0,14,51,0.2,46.7,13.2,47.8,37,0,0,0,0,-0.2,0.2,0,0,0,0,6.3,9564,0,30780,0,0,2.2,68312,194,1.9333,0.5173,0
371,1,5,1,1,0,0,0,0,1,0,1.8,1,27,97,0.1,68.8,25.1,107.2,74,100,100,0,0,-0.3,0.3,0,0,0,0,5.7,5835,0,10633,0,0,4.7,39155,195,4.1222,0.2426,0.2426
365,1,2,1,3,0,0,0,0,1,0,2.8,3,25,102,0.2,124.2,38.7,144.8,118,100,100,0,0,-0.2,0.2,1,0,0,0,5.8,43469,0,69524,0,0,4.3,175592,196,4.0556,0.2466,0.2466
1444,1,16,1,3,0,0,0,0,5,0,2.2,4,45,264,1,259.8,58.9,274,54,100,100,0,0,-0.1,0.1,0,0,0,0,5.4,117910,0,150653,0,0,8.3,116643,197,16.0444,0.0623,0.0623
1883,3,9,5,14,0,0,0,0,1,0,4,9,99,453,1.4,402.4,112.9,500,225,100,100,0,0,-0.2,0.2,2,0,0,0,5.3,274707,0,253301,0,0,18.7,56979,198,20.9222,0.1434,0.239
2321,3,18,0,11,0,0,0,0,0,0,3,5,85,388,2.3,239.8,88.8,348.4,299,100,100,0,0,-0.1,0.1,1,0,0,0,5.4,310502,0,346843,0,0,15.7,41733,199,25.7889,0.1163,0
758,2,7,2,4,0,0,0,0,3,0,2.5,3,45,176,0.5,136,45.1,213.4,100,100,100,0,0,-0.2,0.2,1,0,0,0,5.3,43194,0,77846,0,0,8.5,15157,200,8.4222,0.2375,0.2375
0,0,0,0,0,0,0,0,0,0,0,0,0,0,0,0,0,0,0,0,0,0,0,0,0,0,0,0,0,0,4.5,560,0,670,0,0,0,217989,201,0,0,0
0,0,0,0,0,0,0,0,0,0,0,0,0,0,0,0.5,0,0,0,0,0,0,0,0,-0.3,0.3,9,0,0,0,4.2,72203,0,87402,0,0,0,195473,464,0,0,0
873,0,10,0,2,0,0,18,0,1,0,2.5,0,27,136,2.1,0,13.2,131.4,0,100,100,0,0,-0.5,0.5,0,0,0,0,4,653380,0,614085,0,0,6.8,60706,526,9.7,0,0
0,0,0,0,0,0,0,0,0,0,0,0,0,0,0,0,0,0,0,0,0,0,0,0,-0.3,0.3,0,0,0,0,4.2,2317,0,3001,0,0,0,11948,530,0,0,0
0,0,0,0,0,0,0,0,0,0,0,0,0,0,0,0,0,0,0,0,100,0,0,0,-0.1,0.1,0,0,0,0,4.4,1181,0,1709,0,0,0,200720,531,0,0,0
1,0,0,0,0,0,0,0,0,0,0,1,0,1,3,0,0,0,0,0,100,100,0,0,0,0,0,0,0,0,4.5,1100,0,997,0,0,0.2,444884,550,0.0111,0,0
19,0,0,0,0,0,0,0,0,0,0,1,0,2,8,0,3.5,1.1,5.2,4,0,0,0,0,0,0,0,0,0,0,4.5,705,0,567,0,0,0.4,206915,569,0.2111,0,0
0,0,0,0,0,0,0,0,0,0,0,0,0,0,0,0.1,0,0,0,0,0,0,0,0,0,0,0,0,0,0,4,7419,0,5527,0,0,0,215136,575,0,0,0
0,0,0,0,0,0,0,0,0,0,0,0,0,0,0,0,0,0,0,0,0,0,0,0,-0.1,0.1,0,0,0,0,3.9,235,0,222,0,0,0,197464,589,0,0,0
77,0,1,0,0,0,0,0,0,0,0,1,0,3,6,0,8.7,2.4,6,12,0,0,0,0,-0.5,0.5,0,0,0,0,6,18493,0,16176,0,0,0.5,157882,590,0.8556,0,0
0,0,0,0,0,0,0,0,0,0,0,0,0,0,0,0,0,0,0,0,0,0,0,0,0,0,0,0,0,0,4,84,0,38,0,0,0,441271,628,0,0,0
504,0,3,0,3,0,0,0,0,1,0,3.1,0,22,118,2,33.6,15.5,101,21,100,100,0,0,-0.2,0.2,0,0,0,0,6.3,154425,0,586066,0,0,3.5,146941,202,5.6,0,0
1807,1,22,2,7,0,0,0,0,4,0,3.5,4,73,391,11.1,265.4,70.7,307.4,132,100,100,0,0,-0.4,0.4,1,0,0,0,5.6,766626,0,1322980,0,0,13,58621,203,20.0778,0.0498,0.0996
1114,0,12,2,5,0,0,0,0,2,0,3.5,2,49,267,1.1,317,60.4,204,81,100,100,0,0,-0.5,0.5,0,0,0,0,5.5,269872,0,235483,0,0,8.9,102826,204,12.3778,0,0.1616
905,0,12,0,4,0,0,0,0,0,1,2.6,1,31,197,2.3,259.6,48.9,166.8,61,100,100,0,0,-0.3,0.3,0,0,0,0,5.2,597666,0,1154065,0,0,6,206325,206,10.0556,0,0
904,0,15,0,2,0,0,0,0,0,0,2,0,24,183,1,48.9,27.4,158.6,66,100,100,0,0,-0.2,0.2,0,0,0,0,5.3,98026,0,271099,0,0,4.5,97299,207,10.0444,0,0
1413,2,19,1,5,0,0,0,0,3,0,3.5,6,66,311,2.3,60.3,72.1,362.2,300,100,100,0,0,-0.6,0.6,1,0,0,0,4.9,744541,0,723681,0,0,13.5,57410,208,15.7,0.1274,0.0637
0,0,0,0,0,0,0,0,0,0,0,0,0,0,0,0,0,0,0,0,0,0,0,0,0,0,0,0,0,0,5,682,0,5861,0,0,0,100180,209,0,0,0
1394,16,18,4,5,1,0,0,0,1,0,5.6,14,124,490,17.5,254.4,202.5,639.6,1133,100,100,0,0,-0.2,0.2,4,0,0,0,11.8,2792410,0,2957618,0,0,10.5,37572,210,15.4889,1.033,0.2582
1333,10,12,5,6,1,0,0,0,2,0,4,9,97,363,3.2,241.1,187.5,518.8,1119,100,100,0,0,0.1,-0.1,2,0,0,0,9.6,628569,0,623367,0,0,10.1,205651,211,14.8111,0.6752,0.3376
2171,0,27,0,9,0,0,50,0,3,1,3.3,2,82,406,11.7,3,43,429.6,0,100,100,0,0,0,0,0,0,0,0,6,940365,0,1465908,0,0,13.7,121160,212,24.1222,0,0
346,0,7,0,1,0,0,8,0,0,0,2.8,0,11,69,0.3,0,5.8,57.8,0,100,100,0,0,-0.3,0.3,0,0,0,0,4.7,22508,0,35563,0,0,2.3,33148,213,3.8444,0,0
2018,11,27,2,8,1,0,0,0,5,0,4.9,9,118,384,15.5,571.6,247.5,569.8,1334,100,100,0,0,-0.3,0.3,4,0,0,0,11.7,2137319,0,3362138,0,0,10.1,103955,214,22.4222,0.4906,0.0892
2148,8,20,18,12,0,0,0,0,2,0,6.8,23,178,715,45.7,1457.9,316,955.4,745,100,100,0,0,1.1,-1.1,6,0,0,0,10.6,5253344,0,3371455,0,0,16.8,61366,215,23.8667,0.3352,0.7542
0,0,0,0,0,0,0,0,0,0,0,0,0,0,0,0.2,0,0,0,0,100,75,0,0,-0.2,0.2,0,0,0,0,9.3,4322,0,36061,0,0,0,182156,216,0,0,0
1382,7,11,10,6,0,0,0,0,0,0,5.3,14,121,481,9.7,667.9,204.7,601.2,778,100,100,0,0,0,0,4,0,0,0,8.5,1980629,0,1543804,0,0,14.2,103025,217,15.3556,0.4559,0.6512
1492,5,22,5,6,0,0,0,0,5,0,3.6,5,86,394,8.7,517.5,174.4,479.4,749,100,100,0,0,-0.3,0.3,2,0,0,0,7.7,952666,0,2036727,0,0,11.2,165809,218,16.5778,0.3016,0.3016
1252,3,12,9,7,0,0,0,0,0,0,4.7,8,90,355,4.1,512.3,152,385.4,623,100,100,0,0,-0.2,0.2,3,0,0,0,7.3,1354054,0,1456107,0,0,12.3,20664,219,13.9111,0.2157,0.647
353,0,6,1,0,0,0,0,0,0,0,1.4,0,19,83,0.4,148.2,35.4,85,121,100,100,0,0,-0.4,0.4,0,0,0,0,5.1,22007,0,46356,0,0,3.7,209244,220,3.9222,0,0.255
1995,0,23,0,9,0,0,0,1,6,1,1.9,1,44,329,0.7,104.6,70.6,466,135,100,100,0,0,-0.4,0.4,0,0,0,0,5.1,43452,0,85528,0,0,8.6,27789,221,22.1667,0,0
1585,2,26,1,4,1,0,0,0,7,0,2.1,4,52,310,1.3,535.1,120.7,335.4,336,100,100,0,0,-0.3,0.3,0,0,0,0,5.2,119612,0,228355,0,0,10,59859,222,17.6111,0.1136,0.0568
422,0,7,1,0,0,0,0,0,1,0,1.8,1,11,94,0.2,164,31.6,92.6,58,0,0,0,0,-0.4,0.4,0,0,0,0,4.6,18857,0,29548,0,0,2.4,145235,440,4.6889,0,0.2133
1953,3,25,1,10,0,0,0,0,7,0,2.8,5,73,416,1.8,424.1,106.9,496,150,100,100,0,0,0,0,1,0,0,0,5.5,227324,0,218725,0,0,13.3,220566,443,21.7,0.1382,0.0461
783,0,10,0,2,0,0,0,0,2,0,2.3,3,25,180,0.8,173.5,42.3,168.6,81,100,100,0,0,-0.4,0.4,0,0,0,0,5.1,123834,0,181517,0,0,4.9,121145,518,8.7,0,0
269,0,5,0,1,0,0,0,0,0,0,1.8,0,11,59,0,5.5,6.4,59.4,0,0,0,0,0,0,0,0,0,0,0,4.5,7558,0,6743,0,0,2.4,432656,544,2.9889,0,0
0,0,0,0,0,0,0,0,0,0,0,0,0,0,0,0.1,0,0,0,0,0,0,0,0,0,0,0,0,0,0,4,7317,0,3921,0,0,0,17601,562,0,0,0
2330,0,28,2,7,0,0,0,0,5,0,3.3,12,85,477,14.4,338.1,100.9,579.4,90,100,100,0,0,-0.2,0.2,1,0,0,0,5.3,917752,0,2155475,0,0,16,214590,122,25.8889,0,0.0773
2610,1,30,0,8,0,0,0,0,4,0,3.1,5,89,499,10.8,167.6,112,613.2,335,100,100,0,0,-0.2,0.2,1,0,0,0,5.3,629706,0,1126600,0,0,16.8,95658,160,29,0.0345,0
0,0,0,0,0,0,0,0,0,0,0,0,0,0,0,0.1,0,0,0,0,0,0,0,0,-0.3,0.3,0,0,0,0,5.2,1913,0,16667,0,0,0,55909,223,0,0,0
953,0,10,0,2,0,0,0,0,5,0,2,0,24,158,0.3,316.6,49.1,155.6,18,0,0,0,0,-0.1,0.1,0,0,0,0,5.4,21263,0,40940,0,0,4.4,18892,224,10.5889,0,0
2340,1,27,0,7,0,0,0,1,5,0,3,7,79,434,1.2,62.1,56.6,431,73,100,100,0,0,-0.2,0.2,1,0,0,0,5.3,93655,0,122576,0,0,14.9,184667,225,26,0.0385,0
1233,0,11,0,5,0,0,0,0,5,0,2.6,2,46,261,0.8,222,60.5,263,122,100,100,0,0,-0.1,0.1,0,0,0,0,5.4,57040,0,141671,0,0,8.5,106760,226,13.7,0,0
121,0,2,0,0,0,0,0,0,1,0,1,0,3,9,0.1,1.9,2.8,20.2,6,0,0,0,0,-0.2,0.2,0,0,0,0,4.8,4820,0,12000,0,0,0.6,58893,227,1.3444,0,0
102,0,0,0,1,0,0,0,0,0,0,3.5,0,7,31,0.1,0.7,3.2,31.4,0,100,100,0,0,-0.1,0.1,0,0,0,0,4.9,8952,0,6870,0,0,1.4,197365,228,1.1333,0,0
65,0,1,0,0,0,0,0,0,0,0,1,0,4,10,0.1,4.3,1.9,10.4,6,100,100,0,0,-0.1,0.1,0,0,0,0,4.9,1749,0,11074,0,0,0.8,216051,229,0.7222,0,0
0,0,0,0,0,0,0,0,0,0,0,0,0,0,0,0,0,0,0,0,0,0,0,0,-0.1,0.1,0,0,0,0,4.9,604,0,4927,0,0,0,40002,230,0,0,0
135,0,3,0,0,0,0,0,0,0,0,1,0,2,22,0.2,3,4.7,21.4,23,100,100,0,0,-0.3,0.3,0,0,0,0,4.7,5070,0,13662,0,0,0.4,76359,231,1.5,0,0
0,0,0,0,0,0,0,0,0,0,0,0,0,0,0,0.3,0,0,0,0,0,0,0,0,0,0,0,0,0,0,8.5,2399,0,31679,0,0,0,66749,232,0,0,0
1876,14,23,5,4,2,0,0,0,2,0,6.1,26,134,494,9.6,379.4,202.3,677,965,100,75,0,0,0.3,-0.3,4,0,0,0,8.8,2976298,0,3713515,0,0,15.2,176297,233,20.8444,0.6716,0.2399
644,5,9,0,1,0,0,0,0,0,0,2.4,7,53,211,11.5,119.1,62.8,231.8,281,100,100,0,0,-0.2,0.2,0,0,0,0,4.3,1551303,0,1834481,0,0,12.3,220688,234,7.1556,0.6988,0
2610,0,30,0,8,0,0,75,0,2,0,3.6,7,103,464,11.4,0,54.1,542.8,0,100,100,0,0,-0.2,0.2,1,0,0,0,5.3,914053,0,1144060,0,0,19.4,51940,235,29,0,0
0,0,0,0,0,0,0,0,0,0,0,0,0,0,0,0.2,0,0,0,0,0,0,0,0,-0.4,0.4,0,0,0,0,4.6,5118,0,12274,0,0,0,42899,236,0,0,0
0,0,0,0,0,0,0,0,0,0,0,0,0,0,0,0.1,0,0,0,0,100,75,0,0,-0.3,0.3,0,0,0,0,4.7,784,0,4978,0,0,0,6744,237,0,0,0
521,0,5,2,1,1,0,0,0,0,0,2.4,0,17,80,2.8,215.6,46.5,130.2,118,100,75,0,0,-0.2,0.2,0,0,0,0,8.3,379830,0,752679,0,0,2,74208,238,5.7889,0,0.3455
1875,11,21,3,9,1,0,0,0,1,0,5.3,7,122,322,12.9,302.8,178.8,552.4,930,100,100,0,0,0.5,-0.5,2,0,0,0,8,3076448,0,2636297,0,0,15.2,148225,239,20.8333,0.528,0.144
0,0,0,0,0,0,0,0,0,0,0,0,0,0,0,0.4,0,0,0,0,0,0,0,0,-0.2,0.2,0,0,0,0,6.8,1680,0,44381,0,0,0,37265,240,0,0,0
882,0,14,0,1,0,0,0,0,3,0,1.2,0,25,73,0.7,261.8,59.1,71.4,260,100,100,0,0,-0.2,0.2,0,0,0,0,6.3,61208,0,125701,0,0,4,109322,241,9.8,0,0
727,0,8,2,4,0,0,0,0,1,0,2.1,2,36,137,0.4,290.9,52.5,107.8,126,0,0,0,0,-0.4,0.4,1,0,0,0,6.1,25279,0,42955,0,0,5.9,43670,242,8.0778,0,0.2476
2166,3,27,6,7,0,0,0,0,3,0,3.3,2,89,293,5.7,401.9,137.4,401.4,572,100,100,0,0,-0.2,0.2,0,0,0,0,5.8,1817029,0,1706261,0,0,15.3,200617,243,24.0667,0.1247,0.2493
2026,0,24,0,6,0,0,0,0,7,0,1.8,0,46,320,0.4,523.1,114.1,392.8,224,0,0,0,0,-0.2,0.2,0,0,0,0,5.3,36773,0,29355,0,0,8.7,101582,244,22.5111,0,0
19,0,1,0,0,0,0,0,0,0,0,1,0,2,7,0.1,24.8,3.1,4.2,2,100,100,0,0,-0.3,0.3,0,0,0,0,4.7,5814,0,11232,0,0,0.4,209041,245,0.2111,0,0
1442,1,16,3,6,0,0,0,0,3,0,2.5,1,58,190,0.4,418.7,100.3,239.2,343,0,0,0,0,-0.2,0.2,0,0,0,0,4.8,126546,0,131179,0,0,12.1,156689,246,16.0222,0.0624,0.1872
958,0,8,1,6,0,0,0,0,1,0,2.8,2,33,161,0.4,158.2,41.2,202.2,53,100,100,0,0,-0.2,0.2,0,0,0,0,4.8,20884,0,44598,0,0,6.9,62398,247,10.6444,0,0.0939
1545,3,18,2,2,0,0,0,0,2,0,3.2,6,64,266,1.1,214.8,89.5,379.6,301,100,100,0,0,-0.1,0.1,0,0,0,0,4.9,410135,0,408550,0,0,13.1,195851,248,17.1667,0.1748,0.1165
34,0,0,0,0,0,0,0,0,0,0,1,0,3,6,0.6,1.1,0.7,1.4,6,0,0,0,0,-0.2,0.2,0,0,0,0,4.3,97212,0,86421,0,0,0.7,222677,249,0.3778,0,0
8,0,1,0,0,0,0,0,0,0,0,1,0,1,3,0.2,2.8,0.5,2.2,0,0,0,0,0,-0.2,0.2,0,0,0,0,4.3,28544,0,27670,0,0,0.2,232928,250,0.0889,0,0
187,0,3,0,0,0,0,0,0,0,0,1.4,0,7,30,0.1,6.2,2.4,17.6,0,100,100,0,0,-0.1,0.1,0,0,0,0,4.4,7883,0,13164,0,0,1.6,180804,481,2.0778,0,0
758,1,9,1,4,0,0,0,0,5,0,3.2,1,39,167,5.3,155.1,37.2,142.6,74,0,0,0,0,0.2,-0.2,1,0,0,0,4.2,623419,0,255327,0,0,9.3,232937,549,8.4222,0.1187,0.1187
447,2,1,3,4,0,0,0,0,1,0,7.6,6,38,112,17,172.2,50.6,192.4,142,0,0,0,0,0.6,-0.6,2,0,0,0,8.6,1324838,0,68155,0,0,4.4,141746,618,4.9667,0.4027,0.604
31,0,0,0,0,0,0,0,0,0,0,1,0,4,7,0.8,11.6,11.5,15.4,88,0,0,0,0,0,0,0,0,0,0,6.5,90430,0,35722,0,0,0.6,58498,624,0.3444,0,0
712,0,8,0,5,1,0,0,0,3,0,3,0,30,137,0.2,260.4,50.7,118.2,129,100,100,0,0,-0.2,0.2,0,0,0,0,5.3,19710,0,42888,0,0,5.7,56983,251,7.9111,0,0
1394,2,28,1,4,0,0,0,0,4,0,2.9,2,53,258,1.2,44.2,60,392.4,163,100,100,0,0,0,0,0,0,0,0,5,151983,0,202501,0,0,10.6,119471,252,15.4889,0.1291,0.0646
772,1,11,0,1,0,0,0,0,3,0,1.9,0,23,96,0.1,95.1,26.8,130.4,41,100,100,0,0,-0.1,0.1,0,0,0,0,4.4,12718,0,12800,0,0,5.2,151119,253,8.5778,0.1166,0
1807,2,25,2,6,0,0,0,0,4,0,3.7,13,85,375,3,63.2,78.5,549.6,173,0,0,0,0,0.1,-0.1,4,0,0,0,4.6,286028,0,84768,0,0,18.5,57145,254,20.0778,0.0996,0.0996
1227,0,20,0,5,0,0,0,1,2,0,2.8,4,44,230,0.2,63.1,37.7,265.2,50,100,0,0,0,-0.2,0.2,0,0,0,0,4.3,24386,0,32618,0,0,10.2,106618,255,13.6333,0,0
961,0,12,1,5,0,0,0,0,4,0,3.2,4,42,175,0.1,64.8,25,150.2,34,100,100,0,0,-0.2,0.2,1,0,0,0,4.3,24172,0,28132,0,0,9.8,109528,256,10.6778,0,0.0937
440,2,10,0,1,0,0,0,0,0,0,4,1,24,88,0.1,12.6,22.5,132,81,100,100,0,0,-0.1,0.1,1,0,0,0,4.4,8346,0,5217,0,0,5.5,77359,257,4.8889,0.4091,0
1630,1,25,0,7,0,0,0,0,2,0,3.4,3,64,301,4.5,16.3,44.4,313.8,113,100,100,0,0,-0.2,0.2,1,0,0,0,4.3,366511,0,521178,0,0,14.9,101148,258,18.1111,0.0552,0
1186,2,14,0,4,0,0,0,0,3,0,3.5,2,49,216,0.2,14.9,47.6,331.4,128,100,0,0,0,-0.2,0.2,1,0,0,0,4.3,66476,0,67800,0,0,11.4,58845,259,13.1778,0.1518,0
201,0,6,0,0,0,0,0,0,0,0,1.1,0,8,22,0.1,15.1,3.7,12.6,12,100,100,0,0,-0.4,0.4,0,0,0,0,5.1,6457,0,13345,0,0,1.6,196118,260,2.2333,0,0
0,0,0,0,0,0,0,0,0,0,0,0,0,0,0,0,0,0,0,0,0,0,0,0,0,0,0,0,0,0,5,1248,0,4028,0,0,0,61316,261,0,0,0
2610,0,41,0,9,0,0,116,0,0,0,4.1,7,118,578,1.8,0,84.9,847.8,0,100,75,0,0,0.1,-0.1,1,0,0,0,5.1,162329,0,126035,0,0,23.1,67089,262,29,0,0
0,0,0,0,0,0,0,0,0,0,0,0,0,0,0,0.1,0,0,0,0,100,100,0,0,-0.2,0.2,0,0,0,0,4.3,3188,0,6700,0,0,0,59735,263,0,0,0
0,0,0,0,0,0,0,0,0,0,0,0,0,0,0,0.7,0,0,0,0,0,0,0,0,-0.1,0.1,0,0,0,0,3.9,25115,0,44934,0,0,0,155503,264,0,0,0
2370,2,37,1,10,0,0,0,0,5,0,2.8,5,79,236,0.7,288.6,116.1,324.6,550,100,100,0,0,-0.2,0.2,1,0,0,0,5.8,95963,0,101522,0,0,13.6,179018,266,26.3333,0.0759,0.038
732,0,14,3,3,0,0,0,0,2,0,2,0,36,102,0.1,186.7,36.3,121,55,100,100,0,0,-0.2,0.2,0,0,0,0,5.3,23398,0,28387,0,0,6.8,104953,267,8.1333,0,0.3689
135,0,6,0,0,0,0,0,0,0,0,1.3,0,4,18,0,39.8,5.8,17.8,0,0,0,0,0,-0.3,0.3,0,0,0,0,4.7,1322,0,5080,0,0,0.9,76542,268,1.5,0,0
1339,5,18,0,6,0,0,0,0,2,0,4.1,9,69,290,0.6,409.2,102.4,397.8,215,100,100,0,0,-0.1,0.1,0,0,0,0,4.9,227662,0,223358,0,0,14.1,50232,269,14.8778,0.3361,0
1297,0,24,2,2,0,0,0,0,2,1,1.8,0,37,158,0.3,215.8,55,198,136,100,100,0,0,0,0,0,0,0,0,5,21743,0,53294,0,0,7.4,180135,270,14.4111,0,0.1388
1965,1,32,3,7,0,0,0,0,4,1,2.5,2,61,266,4.9,198.1,70.5,324.4,183,100,100,0,0,-0.1,0.1,0,0,0,0,4.4,525036,0,634480,0,0,13.9,153127,271,21.8333,0.0458,0.1374
1242,0,19,0,3,0,0,0,0,6,0,1.8,0,31,201,1.3,201.5,45.8,212.8,42,100,100,0,0,-0.2,0.2,0,0,0,0,5.3,116687,0,220231,0,0,5.8,38290,332,13.8,0,0
2221,1,36,2,6,0,0,0,0,6,0,2.1,3,61,179,0.9,350.6,108.6,254,480,100,100,0,0,-0.5,0.5,0,0,0,0,5.5,149139,0,250792,0,0,11.1,180974,466,24.6778,0.0405,0.081
0,0,0,0,0,0,0,0,0,0,0,0,0,0,0,0.1,0,0,0,0,0,0,0,0,-0.2,0.2,0,0,0,0,4.3,24335,0,24468,0,0,0,58771,482,0,0,0
0,0,0,0,0,0,0,0,0,0,0,0,0,0,0,0,0,0,0,0,0,0,0,0,-0.3,0.3,0,0,0,0,4.7,259,0,1383,0,0,0,114243,483,0,0,0
1492,2,24,2,3,0,0,0,0,0,0,3.4,6,64,283,0.8,196,74.1,345.4,198,0,0,0,0,-0.2,0.2,1,0,0,0,4.3,363631,0,343677,0,0,14.9,92159,498,16.5778,0.1206,0.1206
0,0,0,0,0,0,0,0,0,0,0,0,0,0,0,0,0,0,0,0,0,0,0,0,-0.2,0.2,0,0,0,0,4.8,1553,0,4459,0,0,0,155513,499,0,0,0
1265,2,13,2,5,0,0,0,0,0,0,3.1,2,55,197,0.6,292.3,95.4,269.4,393,100,100,0,0,-0.1,0.1,0,0,0,0,5.4,91034,0,88267,0,0,10.2,170137,500,14.0556,0.1423,0.1423
561,0,12,0,2,0,0,0,0,0,0,1.9,0,21,107,0.1,12.1,12.2,77.2,32,100,100,0,0,-0.2,0.2,0,0,0,0,4.3,4667,0,7201,0,0,4.9,111773,519,6.2333,0,0
507,0,7,3,2,0,0,0,0,1,0,1.9,0,25,75,0.1,120,39.9,113.6,162,100,75,0,0,-0.1,0.1,0,0,0,0,5.4,13678,0,21222,0,0,4.6,40142,520,5.6333,0,0.5325
544,2,9,0,1,0,0,0,0,1,0,3.6,2,25,98,0.2,51.1,18.2,101.8,29,0,0,0,0,0,0,1,0,0,0,4.5,47861,0,38873,0,0,5.6,223175,540,6.0444,0.3309,0
377,0,6,1,2,0,0,0,0,1,0,1.3,0,16,32,0,44.6,24,44.2,153,100,100,0,0,0,0,0,0,0,0,5,6219,0,5341,0,0,3.2,104547,554,4.1889,0,0.2387
0,0,0,0,0,0,0,0,0,0,0,0,0,0,0,0.1,0,0,0,0,0,0,0,0,0,0,0,0,0,0,4,8059,0,3105,0,0,0,19838,573,0,0,0
0,0,0,0,0,0,0,0,0,0,0,0,0,0,0,0,0,0,0,0,0,0,0,0,0,0,0,0,0,0,4.5,1054,0,491,0,0,0,232957,598,0,0,0
0,0,0,0,0,0,0,0,0,0,0,0,0,0,0,0.1,0,0,0,0,0,0,0,0,-0.1,0.1,0,0,0,0,3.9,6404,0,1844,0,0,0,232977,599,0,0,0
0,0,0,0,0,0,0,0,0,0,0,0,0,0,0,0,0,0,0,0,0,0,0,0,0,0,0,0,0,0,4,1734,0,668,0,0,0,156069,610,0,0,0
270,0,5,0,1,0,0,0,0,2,0,1.7,0,5,36,0,56.2,10.1,41.6,3,0,0,0,0,-0.1,0.1,0,0,0,0,4.9,3494,0,2063,0,0,1,126407,612,3,0,0
217,0,3,0,0,0,0,0,0,0,1,0.8,0,3,16,0,49.1,7.9,21.6,8,100,100,0,0,-0.1,0.1,0,0,0,0,5.4,1296,0,946,0,0,0.6,116543,614,2.4111,0,0
0,0,0,0,0,0,0,0,0,0,0,0,0,0,0,0,0,0,0,0,100,75,0,0,-0.2,0.2,0,0,0,0,4.3,845,0,5922,0,0,0,84384,272,0,0,0
1834,0,39,0,3,0,0,0,0,2,1,1.5,0,32,331,0.1,20.8,54.3,427.6,92,100,100,0,0,-0.1,0.1,0,0,0,0,4.4,14141,0,23640,0,0,7.3,198826,273,20.3778,0,0
2430,0,48,2,5,0,0,0,0,6,0,2.1,3,58,384,1.3,330.1,95,409,210,100,100,0,0,-0.2,0.2,1,0,0,0,4.3,77439,0,169171,0,0,13.5,232980,274,27,0,0.0741
1295,0,21,1,3,0,0,0,0,2,0,2.3,1,35,234,0,15.5,39.1,312.2,62,100,100,0,0,-0.1,0.1,0,0,0,0,4.4,4089,0,4117,0,0,8,192303,275,14.3889,0,0.0695
1495,1,33,0,3,0,0,0,0,2,0,2.2,3,41,277,0.3,139.9,56.5,314.8,110,100,100,0,0,-0.1,0.1,1,0,0,0,4.4,36915,0,39358,0,0,9.3,194799,276,16.6111,0.0602,0
1261,0,25,0,2,0,0,0,1,4,0,1.5,1,23,214,2.8,3.6,40,318.8,76,100,100,0,0,0.1,-0.1,0,0,0,0,4.1,338254,0,315579,0,0,5.6,83428,277,14.0111,0,0
2481,11,47,3,6,0,0,0,0,3,0,4.5,21,127,415,12.8,335,199.5,537,1129,100,100,0,0,0,0,2,0,0,0,6.5,3824834,0,3506422,0,0,19.5,57127,278,27.5667,0.399,0.1088
41,1,2,0,0,0,0,0,0,0,0,1.6,1,13,50,0,3.4,7,44.2,25,0,0,0,0,-0.3,0.3,0,0,0,0,5.2,4597,0,8037,0,0,2.5,179587,279,0.4556,2.1949,0
2430,0,45,0,5,0,2,95,1,4,0,3.4,10,91,510,2.6,0,77.6,776,0,100,100,0,0,0.1,-0.1,2,0,0,0,4.6,252753,0,177979,0,0,19.8,20480,280,27,0,0
158,0,6,0,0,0,1,7,0,0,0,5.5,2,11,46,6.1,0,6.5,65,0,0,0,0,0,0.1,-0.1,0,0,0,0,4.1,397326,0,304180,0,0,2.7,18499,281,1.7556,0,0
377,1,8,0,0,0,0,0,0,2,0,1.7,1,20,89,0.1,93.1,29.3,95.2,103,100,100,0,0,-0.3,0.3,0,0,0,0,6.2,4062,0,14323,0,0,3.2,37614,282,4.1889,0.2387,0
2013,0,41,7,3,0,0,0,0,4,0,2.9,10,80,391,0.7,1049,197.5,598.2,325,100,100,0,0,0,0,1,0,0,0,6,213682,0,218092,0,0,13.3,195546,283,22.3667,0,0.313
756,1,15,1,1,0,0,0,0,0,0,1.9,0,33,106,0.1,137.5,54.6,148.6,262,100,75,0,0,-0.2,0.2,0,0,0,0,5.3,5955,0,16977,0,0,6.2,89470,284,8.4,0.119,0.119
928,0,24,0,1,0,0,0,0,4,0,1.4,0,26,78,0.1,155.7,50.4,92.2,255,0,0,0,0,-0.5,0.5,0,0,0,0,5,6090,0,11694,0,0,5.2,71738,285,10.3111,0,0
2288,1,45,1,5,0,0,0,0,4,0,2.2,0,62,342,0.2,341.5,97.6,412.6,223,100,100,0,0,-0.2,0.2,0,0,0,0,4.8,12351,0,17336,0,0,12.9,78607,286,25.4222,0.0393,0.0393
2067,6,41,2,6,0,0,0,0,4,0,3.4,10,100,368,19.7,434.8,152.6,480,616,100,100,0,0,0.2,-0.2,2,0,0,0,4.7,3579533,0,2344155,0,0,21.3,193111,287,22.9667,0.2612,0.0871
683,0,16,0,1,0,0,0,0,1,0,1.8,0,16,102,0.2,127.7,28.8,106.8,53,100,100,0,0,-0.2,0.2,0,0,0,0,4.3,25252,0,32229,0,0,3.7,87396,288,7.5889,0,0
1782,1,30,1,5,0,0,0,0,4,0,2.4,3,55,310,0.4,105.9,53.5,290.4,138,100,100,0,0,0,0,0,0,0,0,4.5,49643,0,40796,0,0,12.2,18665,289,19.8,0.0505,0.0505
1022,0,21,0,2,0,0,0,0,2,0,1.8,0,25,161,0.6,44,32,184.6,90,100,100,0,0,-0.2,0.2,0,0,0,0,4.3,47278,0,74922,0,0,5.8,90440,290,11.3556,0,0
215,1,3,0,0,0,0,0,0,0,0,1.3,0,18,47,0.1,24.3,24.4,45.4,175,100,100,0,0,-0.2,0.2,0,0,0,0,5.3,5303,0,14514,0,0,3.4,81048,434,2.3889,0.4186,0
24,0,2,0,0,0,0,0,0,0,0,1,0,3,12,0,0.6,0.5,4.4,0,0,0,0,0,-0.5,0.5,0,0,0,0,5,1554,0,7748,0,0,0.6,124165,435,0.2667,0,0
21,0,1,0,0,0,0,1,0,0,0,1,0,1,6,0.3,0,0.4,4,0,0,0,0,0,-0.1,0.1,0,0,0,0,4.4,5204,0,26805,0,0,0.2,28082,449,0.2333,0,0
1292,0,23,0,3,0,0,0,0,4,0,1.9,2,32,201,0.1,109.2,60.2,273.2,218,100,0,0,0,-0.2,0.2,0,0,0,0,4.3,6528,0,11229,0,0,7.4,113564,454,14.3556,0,0
0,0,0,0,0,0,0,0,0,0,0,0,0,0,0,0.7,0,0,0,0,0,0,0,0,-0.1,0.1,3,0,0,0,3.9,53118,0,61150,0,0,0,101061,484,0,0,0
756,0,20,0,1,0,0,0,0,1,0,1.6,0,18,122,0.1,18.3,22.7,177.2,31,0,0,0,0,0,0,0,0,0,0,4.5,11548,0,11437,0,0,4,128348,507,8.4,0,0
68,0,3,0,0,0,0,0,0,0,0,1.3,0,4,12,0.1,1.5,0.9,3,4,0,0,0,0,-0.1,0.1,0,0,0,0,4.4,17609,0,14159,0,0,0.9,432735,538,0.7556,0,0
0,0,0,0,0,0,0,0,0,0,0,0,0,0,0,0.1,0,0,0,0,0,0,0,0,0,0,0,0,0,0,4,6864,0,3631,0,0,0,233849,551,0,0,0
0,0,0,0,0,0,0,0,0,0,0,0,0,0,0,0.1,0,0,0,0,0,0,0,0,-0.1,0.1,0,0,0,0,3.9,4647,0,4739,0,0,0,232667,552,0,0,0
577,0,7,1,3,0,0,0,0,0,0,2.7,0,19,102,0.1,237.3,43,108,85,0,0,0,0,-0.3,0.3,0,0,0,0,4.7,14764,0,8186,0,0,4,139110,601,6.4111,0,0.156
336,0,6,0,1,0,0,0,0,0,0,1.7,0,10,40,0,64.3,16.4,31.8,71,0,0,0,0,0,0,0,0,0,0,4.5,1284,0,594,0,0,2.2,76306,602,3.7333,0,0
1009,5,11,4,3,0,0,0,0,1,0,3.1,9,71,214,2.2,161.1,89,267.4,472,100,100,0,0,-0.5,0.5,1,0,0,0,4.5,786070,0,683025,0,0,15.8,178304,70,11.2111,0.446,0.3568
2445,2,25,2,10,0,0,0,0,5,0,3.9,8,110,498,2.8,474.8,124.8,517.4,255,100,100,0,0,0.2,-0.2,1,0,0,0,5.2,415942,0,261225,0,0,21.2,63426,291,27.1667,0.0736,0.0736
0,0,0,0,0,0,0,0,0,0,0,0,0,0,0,0.1,0,0,0,0,0,0,0,0,-0.3,0.3,0,0,0,0,4.2,4804,0,10993,0,0,0,87121,292,0,0,0
2520,0,25,1,10,0,0,0,0,3,0,3.4,6,96,483,3.5,228,97.2,507.2,236,0,0,0,0,0.2,-0.2,1,0,0,0,4.7,434337,0,218143,0,0,20.4,146610,293,28,0,0.0357
2520,2,25,4,10,0,0,0,0,6,0,4.1,7,115,456,11.2,320.5,94.9,435.8,192,0,0,0,0,0.6,-0.6,1,0,0,0,5.1,1315290,0,551084,0,0,22.5,82691,294,28,0.0714,0.1429
2418,0,22,1,10,0,0,0,0,2,0,3.5,4,94,445,2.4,12.6,83.2,446.6,372,100,100,0,0,0.1,-0.1,0,0,0,0,4.6,248840,0,91117,0,0,20.4,108416,295,26.8667,0,0.0372
0,0,0,0,0,0,0,0,0,0,0,0,0,0,0,2.1,0,0,0,0,0,0,0,0,-0.1,0.1,9,0,0,0,3.9,130996,0,176597,0,0,0,18832,296,0,0,0
2065,4,20,4,9,0,0,0,0,4,0,4.7,15,128,463,39.1,345.2,116.3,421.4,393,100,100,0,0,0.9,-0.9,5,0,0,0,4.9,3707115,0,1593984,0,0,26.1,153723,297,22.9444,0.1743,0.1743
660,3,6,0,2,0,0,0,0,1,1,2.2,9,40,122,0.5,139.9,48.6,132.6,220,100,100,0,0,-0.4,0.4,1,0,0,0,5.6,76090,0,107173,0,0,7.1,18867,298,7.3333,0.4091,0
0,0,0,0,0,0,0,0,0,0,0,0,0,0,0,0.1,0,0,0,0,100,100,0,0,-0.2,0.2,0,0,0,0,4.3,2181,0,14105,0,0,0,213280,299,0,0,0
0,0,0,0,0,0,0,0,0,0,0,0,0,0,0,0,0,0,0,0,0,0,0,0,-0.3,0.3,0,0,0,0,5.2,322,0,5238,0,0,0,59614,300,0,0,0
2188,5,21,2,8,0,0,0,0,7,0,3.8,13,94,425,5.5,578.8,148.8,492,415,100,100,0,0,0,0,4,0,0,0,5,807459,0,429370,0,0,18.8,47247,301,24.3111,0.2057,0.0823
2373,1,25,2,10,0,0,0,0,6,0,2.8,6,77,446,0.5,655.9,125.7,500.6,100,0,0,0,0,-0.1,0.1,1,0,0,0,4.9,62638,0,56293,0,0,15.7,79934,302,26.3667,0.0379,0.0759
1349,0,13,2,5,0,0,0,0,2,0,2,3,42,109,0.2,195.3,83.9,206.4,439,100,100,0,0,-0.1,0.1,0,0,0,0,5.4,44409,0,50978,0,0,7.8,27436,303,14.9889,0,0.1334
2432,0,25,0,10,0,0,0,0,4,0,3.2,4,90,457,1.5,143.5,73.7,499.4,91,0,0,0,0,0.1,-0.1,0,0,0,0,4.6,151775,0,63263,0,0,19.6,40386,423,27.0222,0,0
90,0,3,0,0,0,0,2,0,0,0,1,0,1,9,0.1,0,0.8,7.8,0,100,100,0,0,-0.2,0.2,0,0,0,0,4.3,3815,0,6695,0,0,0.2,74854,436,1,0,0
322,0,4,0,1,0,0,0,0,2,0,1.2,0,11,32,0.1,75.1,13.6,43.6,17,0,0,0,0,-0.5,0.5,0,0,0,0,5,3852,0,9914,0,0,2.2,49083,441,3.5778,0,0
128,0,3,0,0,0,0,0,0,0,0,1,0,4,31,0.3,4.7,4.5,39,2,0,0,0,0,-0.4,0.4,0,0,0,0,4.1,16536,0,46790,0,0,1,7645,444,1.4222,0,0
669,1,6,2,2,0,0,0,0,1,0,2.1,1,33,73,0.2,72.8,30.4,79.8,156,0,0,0,0,-0.6,0.6,1,0,0,0,4.9,49876,0,97254,0,0,6.7,171975,453,7.4333,0.1345,0.2691
12,0,0,0,0,0,0,0,0,0,0,1,0,1,0,0.1,0.6,0.2,0,4,0,0,0,0,-0.5,0.5,0,0,0,0,4.5,4284,0,13905,0,0,0.2,90518,456,0.1333,0,0
2430,0,22,1,10,0,1,70,0,2,0,4.5,11,122,513,16.3,0,53.6,517.8,18,100,100,0,0,0.8,-0.8,3,0,0,0,5.3,1566426,0,560551,0,0,23,172649,471,27,0,0.037
126,0,0,0,0,0,0,0,0,0,0,1,0,7,33,0,26.1,6.3,28.4,8,0,0,0,0,-0.3,0.3,0,0,0,0,4.7,1375,0,3111,0,0,1.5,167878,472,1.4,0,0
1428,4,15,0,7,0,0,0,0,3,0,2.2,4,58,195,0.2,131.8,103.3,299,604,100,100,0,0,-0.3,0.3,0,0,0,0,5.7,41044,0,38178,0,0,10.2,169432,501,15.8667,0.2521,0
0,0,0,0,0,0,0,0,0,0,0,0,0,0,0,0,0,0,0,0,100,100,0,0,-0.1,0.1,0,0,0,0,4.4,1235,0,2131,0,0,0,194126,521,0,0,0
243,0,2,0,0,0,0,0,0,2,0,1,0,9,40,0.1,21.5,8.5,34.2,29,100,100,0,0,-0.2,0.2,0,0,0,0,4.3,9965,0,17592,0,0,2.1,87447,522,2.7,0,0
13,0,0,0,0,0,0,0,0,0,0,1,0,1,-1,0.1,0.3,0.3,0,4,0,0,0,0,-0.1,0.1,0,0,0,0,4.4,12517,0,9972,0,0,0.2,18440,547,0.1444,0,0
0,0,0,0,0,0,0,0,0,0,0,0,0,0,0,0,0,0,0,0,0,0,0,0,0,0,0,0,0,0,4.5,1053,0,591,0,0,0,49384,591,0,0,0
0,0,0,0,0,0,0,0,0,0,0,0,0,0,0,0,0,0,0,0,0,0,0,0,0,0,0,0,0,0,4,2046,0,863,0,0,0,83427,611,0,0,0
208,0,2,0,1,0,0,0,0,0,0,2,0,8,25,0.1,6.5,4.9,25.4,16,0,0,0,0,-0.2,0.2,0,0,0,0,4.8,11829,0,5553,0,0,1.7,207189,621,2.3111,0,0
0,0,0,0,0,0,0,0,0,0,0,0,0,0,0,0,0,0,0,0,0,0,0,0,-0.3,0.3,0,0,0,0,4.7,1736,0,1215,0,0,0,147612,622,0,0,0
0,0,0,0,0,0,0,0,0,0,0,0,0,0,0,0,0,0,0,0,0,0,0,0,0,0,0,0,0,0,4.5,219,0,124,0,0,0,222786,625,0,0,0
1135,1,23,0,3,0,0,0,0,2,0,2.8,6,39,217,2,66.8,48.5,271,147,100,100,0,0,-0.5,0.5,2,0,0,0,4.5,521441,0,449690,0,0,8.7,93100,304,12.6111,0.0793,0
2022,1,45,1,4,0,0,0,0,3,1,2,0,49,302,0.8,443,94.8,323,181,100,100,0,0,-0.2,0.2,0,0,0,0,4.8,63145,0,80385,0,0,10.2,40146,305,22.4667,0.0445,0.0445
644,0,19,1,0,0,0,0,0,1,0,1.2,0,11,71,0.1,41.4,21.3,99.2,73,100,100,0,0,-0.4,0.4,0,0,0,0,4.6,6935,0,25858,0,0,2.4,213482,306,7.1556,0,0.1398
2427,1,50,0,5,0,0,0,0,3,0,2.3,3,62,410,0.8,30.6,65.4,570.6,50,100,100,0,0,-0.1,0.1,0,0,0,0,4.4,87293,0,85407,0,0,14.1,171771,307,26.9667,0.0371,0
1827,1,33,3,4,0,0,0,0,2,0,3,6,64,312,3.5,65.4,59.9,438.4,95,0,0,0,0,-0.1,0.1,3,0,0,0,4.4,347636,0,110225,0,0,14.5,88900,308,20.3,0.0493,0.1478
558,0,18,0,1,0,0,0,0,1,0,1.2,1,10,85,0.2,3.7,17.7,96.8,77,0,0,0,0,-0.4,0.4,0,0,0,0,4.1,16789,0,30862,0,0,2.4,80447,310,6.2,0,0
0,0,0,0,0,0,0,0,0,0,0,0,0,0,0,1.5,0,0,0,0,0,0,0,0,-0.1,0.1,0,0,0,0,3.9,118783,0,116612,0,0,0,232797,311,0,0,0
0,0,0,0,0,0,0,0,0,0,0,0,0,0,0,0,0,0,0,0,0,0,0,0,0,0,0,0,0,0,6,806,0,9133,0,0,0,78356,312,0,0,0
1993,15,36,1,3,0,0,0,0,2,0,4.8,28,140,513,29.2,268.9,208.1,678,1135,0,0,0,0,1.1,-1.1,2,0,0,0,7.1,3508976,0,1587215,0,0,19.7,84939,313,22.1444,0.6774,0.0452
479,2,10,0,2,0,0,0,0,1,0,1.9,2,28,97,0.2,75.1,31.3,95.8,144,100,100,0,0,-0.1,0.1,0,0,0,0,4.9,14945,0,23089,0,0,5.7,220598,314,5.3222,0.3758,0
1131,2,19,3,3,0,0,0,0,0,0,2.8,4,53,133,2.5,237.7,87.4,163.4,471,100,100,0,0,-0.3,0.3,1,0,0,0,4.7,194495,0,376012,0,0,11.3,20452,315,12.5667,0.1592,0.2387
0,0,0,0,0,0,0,0,0,0,0,0,0,0,0,0,0,0,0,0,0,0,0,0,0,0,0,0,0,0,4.5,3067,0,5863,0,0,0,153371,316,0,0,0
0,0,0,0,0,0,0,0,0,0,0,0,0,0,0,0.3,0,0,0,0,0,0,0,0,-0.3,0.3,0,0,0,0,4.2,3262,0,49423,0,0,0,40383,317,0,0,0
1710,0,27,0,4,0,1,58,0,0,0,3.6,5,68,338,4.7,10,48.4,474.8,0,100,100,0,0,0,0,1,0,0,0,4.5,408907,0,120821,0,0,15.1,58376,318,19,0,0
900,0,25,0,2,0,0,30,0,0,0,2.9,3,29,166,1.4,0,22.1,219.4,0,0,0,0,0,-0.3,0.3,1,0,0,0,4.2,253885,0,243475,0,0,6.9,107265,319,10,0,0
1955,3,43,1,4,0,0,0,0,2,0,3,5,69,269,0.6,379.9,124.2,326.4,532,100,75,0,0,-0.3,0.3,2,0,0,0,6.2,97328,0,201553,0,0,11.1,83283,320,21.7222,0.1381,0.046
2610,4,52,4,6,1,0,0,0,7,0,3.2,6,93,454,1.7,723.2,171.6,634.6,355,100,100,0,0,-0.3,0.3,0,0,0,0,5.7,314917,0,271723,0,0,16.3,101178,321,29,0.1379,0.1379
0,0,0,0,0,0,0,0,0,0,0,0,0,0,0,0,0,0,0,0,0,0,0,0,-0.3,0.3,0,0,0,0,5.2,354,0,3385,0,0,0,96787,322,0,0,0
1134,3,18,1,4,0,0,0,0,3,0,2.8,6,58,169,0.3,171.3,64.9,214.2,264,100,100,0,0,-0.3,0.3,0,0,0,0,5.2,37400,0,30137,0,0,11.2,91047,323,12.6,0.2381,0.0794
0,0,0,0,0,0,0,0,0,0,0,0,0,0,0,0,0,0,0,0,0,0,0,0,-0.4,0.4,0,0,0,0,4.6,1470,0,10642,0,0,0,151086,324,0,0,0
2447,0,48,3,6,0,0,0,0,5,0,2.4,1,66,352,0.4,433,116,425.4,301,100,100,0,0,-0.2,0.2,0,0,0,0,4.8,48823,0,72214,0,0,13.8,132015,325,27.1889,0,0.1103
0,0,0,0,0,0,0,0,0,0,0,0,0,0,0,0,0,0,0,0,100,100,0,0,-0.1,0.1,0,0,0,0,4.4,3197,0,4040,0,0,0,204481,326,0,0,0
0,0,0,0,0,0,0,0,0,0,0,0,0,0,0,0.3,0,0,0,0,0,0,0,0,-0.1,0.1,0,0,0,0,4.4,32522,0,32466,0,0,0,193109,327,0,0,0
1308,0,32,0,3,0,0,0,0,3,0,1.6,0,36,203,1.5,162.7,44.3,238.8,41,0,0,0,0,-0.2,0.2,0,0,0,0,4.3,180105,0,163510,0,0,8.4,78056,328,14.5333,0,0
313,0,6,0,0,0,0,0,0,0,0,1.5,0,6,53,0.5,44.1,12.9,65.4,18,100,100,0,0,-0.6,0.6,0,0,0,0,4.4,103882,0,306923,0,0,1.4,158534,337,3.4778,0,0
718,0,12,3,3,0,0,0,0,0,0,1.8,0,39,95,0.3,137.6,40.9,66.8,214,0,0,0,0,-0.7,0.7,0,0,0,0,5.3,31681,0,93812,0,0,7.4,200439,437,7.9778,0,0.376
920,2,14,2,2,0,0,0,0,4,1,2.2,3,40,151,0.1,153.4,62.9,224.4,252,0,0,0,0,-0.3,0.3,1,0,0,0,5.2,30720,0,33021,0,0,7.7,431131,438,10.2222,0.1957,0.1957
0,0,0,0,0,0,0,0,0,0,0,0,0,0,0,0,0,0,0,0,0,0,0,0,-0.3,0.3,0,0,0,0,4.2,1080,0,4980,0,0,0,167075,485,0,0,0
752,0,17,3,1,0,0,0,0,2,0,1.7,0,33,93,0.1,193.4,60.5,145.2,267,100,100,0,0,0,0,0,0,0,0,5.5,15850,0,17848,0,0,6,128198,508,8.3556,0,0.359
275,0,8,1,1,0,0,0,0,0,1,1.5,0,9,46,0,26,8.9,58.4,6,100,100,0,0,-0.3,0.3,0,0,0,0,4.2,3578,0,3666,0,0,2.1,135720,532,3.0556,0,0.3273
0,0,0,0,0,0,0,0,0,0,0,0,0,0,0,0.1,0,0,0,0,0,0,0,0,-0.1,0.1,0,0,0,0,4.4,10168,0,8898,0,0,0,200088,535,0,0,0
0,0,0,0,0,0,0,0,0,0,0,0,0,0,0,0.2,0,0,0,0,0,0,0,0,0,0,0,0,0,0,4,14358,0,7409,0,0,0,198044,548,0,0,0
156,0,3,0,1,0,0,0,0,0,0,2.5,0,5,19,0,10.3,4.8,23.4,14,100,100,0,0,0,0,0,0,0,0,4.5,580,0,321,0,0,1.1,214466,584,1.7333,0,0
630,0,13,0,0,0,0,0,0,2,0,1.1,0,10,84,0.1,88.6,25.6,133.8,36,100,100,0,0,-0.2,0.2,0,0,0,0,5.3,8579,0,15907,0,0,1.9,115556,329,7,0,0
1543,1,23,1,3,0,0,0,0,2,0,2.7,4,52,307,1.6,54.8,49.6,376.6,63,100,100,0,0,-0.3,0.3,2,0,0,0,5.2,130860,0,263280,0,0,10,39194,330,17.1444,0.0583,0.0583
2417,1,36,2,4,0,0,0,1,4,0,2.4,2,66,460,4.7,194.1,98.5,643,148,0,0,0,0,-0.2,0.2,1,0,0,0,5.3,340320,0,544355,0,0,12.5,55605,331,26.8556,0.0372,0.0745
1890,0,31,1,2,0,0,0,0,5,0,1.8,1,39,340,0.9,26.7,54.1,447.4,66,100,100,0,0,-0.2,0.2,0,0,0,0,5.3,42200,0,78255,0,0,7.4,173904,333,21,0,0.0476
0,0,0,0,0,0,0,0,0,0,0,0,0,0,0,0.1,0,0,0,0,0,0,0,0,0,0,0,0,0,0,5.5,1609,0,15338,0,0,0,77794,334,0,0,0
66,0,3,0,0,0,0,0,0,1,0,0.8,0,3,9,0,12.5,3.1,18.6,0,100,100,0,0,-0.2,0.2,0,0,0,0,4.8,2497,0,3739,0,0,0.6,234908,335,0.7333,0,0
1909,1,27,6,5,0,0,0,1,1,1,3.5,11,85,460,5.7,419.8,116,532.8,207,100,100,0,0,-0.1,0.1,1,0,0,0,4.9,1125942,0,782772,0,0,17.3,80226,336,21.2111,0.0471,0.2829
1778,11,29,2,2,0,0,0,0,2,0,5.2,16,104,374,8.5,291.1,151.8,531.4,696,100,75,0,0,-0.2,0.2,2,0,0,0,10.8,1671146,0,3056314,0,0,9.6,78830,338,19.7556,0.5568,0.1012
0,0,0,0,0,0,0,0,0,0,0,0,0,0,0,0.1,0,0,0,0,0,0,0,0,0,0,0,0,0,0,4.5,2981,0,9210,0,0,0,165990,339,0,0,0
998,0,14,0,2,0,1,50,0,0,0,4.2,6,51,239,3.4,0,36.8,367.2,0,100,100,0,0,-0.2,0.2,1,0,0,0,5.3,251158,0,658028,0,0,9.6,37915,340,11.0889,0,0
1612,0,26,0,2,0,1,59,0,1,0,3.2,6,58,300,2,10,46.1,449.8,0,0,0,0,0,-0.3,0.3,1,0,0,0,4.2,531556,0,437731,0,0,13.8,102884,341,17.9111,0,0
1744,9,25,9,4,1,0,0,0,0,2,5.8,13,122,395,4.4,431,192.2,604.2,893,100,75,0,0,0.2,-0.2,5,0,0,0,9.7,3074481,0,3011304,0,0,12.6,85971,342,19.3778,0.4644,0.4644
1090,2,18,2,1,0,0,0,0,5,0,2.4,6,48,205,2.4,348.9,83.3,262.4,225,0,0,0,0,-0.4,0.4,0,0,0,0,8.6,142881,0,450885,0,0,5.6,80607,343,12.1111,0.1651,0.1651
1758,8,24,6,4,0,0,0,0,2,0,5.2,12,114,340,4.8,311.3,145.5,523.4,619,100,100,0,0,-0.2,0.2,2,0,0,0,8.3,1702986,0,1458281,0,0,13.7,108823,344,19.5333,0.4096,0.3072
1675,4,23,3,3,0,0,0,0,2,0,2.8,1,76,243,4.8,359.2,135.2,379.6,615,0,0,0,0,-0.4,0.4,0,0,0,0,7.1,792565,0,1198326,0,0,10.7,95715,345,18.6111,0.2149,0.1612
929,2,10,4,3,0,0,0,0,3,0,2.9,2,50,180,1.1,250.4,72.6,192,285,100,100,0,0,-0.3,0.3,1,0,0,0,5.7,491838,0,512939,0,0,8.8,62974,346,10.3222,0.1938,0.3875
1589,0,27,0,3,0,0,0,0,8,0,1.5,0,35,265,0.3,246.7,57.5,265.4,63,100,100,0,0,-0.3,0.3,0,0,0,0,5.2,19049,0,31913,0,0,6.7,157668,347,17.6556,0,0
24,0,2,0,0,0,0,0,0,1,0,0.5,0,1,5,0.1,0.9,0.2,1.2,0,0,0,0,0,-0.3,0.3,0,0,0,0,4.7,5400,0,8530,0,0,0.2,54756,348,0.2667,0,0
1688,2,25,1,3,0,0,0,0,6,0,2.5,0,49,272,1.2,201.9,61.1,242.8,167,100,75,0,0,-0.2,0.2,0,0,0,0,4.8,222569,0,293976,0,0,10.2,45268,349,18.7556,0.1066,0.0533
890,0,18,2,1,0,0,0,0,4,0,1.8,0,25,120,0.2,87.4,34.3,213.4,41,100,100,0,0,-0.2,0.2,0,0,0,0,4.8,13536,0,19633,0,0,5.2,93264,350,9.8889,0,0.2022
0,0,0,0,0,0,0,0,0,0,0,0,0,0,0,0,0,0,0,0,0,0,0,0,-0.1,0.1,0,0,0,0,4.4,1073,0,1388,0,0,0,168764,351,0,0,0
57,0,1,0,0,0,0,0,0,0,0,1,0,4,12,0.7,1.2,1.4,12.6,0,0,0,0,0,-0.2,0.2,0,0,0,0,4.3,54226,0,51002,0,0,0.9,209042,352,0.6333,0,0
938,2,16,2,1,0,0,0,0,2,0,2.3,2,44,213,2.2,182.3,56.5,266.4,116,100,100,0,0,-0.2,0.2,0,0,0,0,5.8,587061,0,825976,0,0,7.6,231372,442,10.4222,0.1919,0.1919
6,0,0,0,0,0,0,0,0,0,0,1,0,2,6,0.8,0.1,0,0.2,0,0,0,0,0,-0.2,0.2,0,0,0,0,4.3,88637,0,100203,0,0,0.5,447235,509,0.0667,0,0
867,0,11,0,3,0,0,0,0,5,0,1.3,0,25,123,0.4,270.4,54.8,168,110,100,100,0,0,-0.2,0.2,0,0,0,0,7.3,29921,0,52283,0,0,3.4,200826,523,9.6333,0,0
341,0,5,0,0,0,0,0,0,0,0,1.5,0,9,41,0.1,39.9,11.9,45.4,34,100,100,0,0,-0.1,0.1,0,0,0,0,5.4,5303,0,20514,0,0,1.7,184349,524,3.7889,0,0
2,0,0,0,0,0,0,0,0,0,0,1,0,1,3,0,0,1.8,0,18,0,0,0,0,0,0,0,0,0,0,5,1755,0,2508,0,0,0.2,168566,527,0.0222,0,0
0,0,0,0,0,0,0,0,0,0,0,0,0,0,0,0.5,0,0,0,0,0,0,0,0,0,0,0,0,0,0,4,45459,0,22606,0,0,0,175941,543,0,0,0
0,0,0,0,0,0,0,0,0,0,0,0,0,0,0,0,0,0,0,0,100,100,0,0,-0.3,0.3,0,0,0,0,4.2,3152,0,2853,0,0,0,39215,555,0,0,0
0,0,0,0,0,0,0,0,0,0,0,0,0,0,0,0.2,0,0,0,0,0,0,0,0,0,0,0,0,0,0,4,16750,0,8912,0,0,0,214572,558,0,0,0
525,0,7,0,2,0,0,0,0,1,0,2.8,0,17,100,2.5,17.2,17.1,134.4,20,0,0,0,0,0.1,-0.1,0,0,0,0,4.1,253780,0,74952,0,0,4.1,199584,583,5.8333,0,0
40,0,0,0,0,0,0,0,0,0,0,1,0,4,14,0,27,4.5,11.6,6,0,0,0,0,-0.3,0.3,0,0,0,0,4.7,5165,0,3504,0,0,0.9,195774,605,0.4444,0,0
416,2,8,0,1,0,0,0,0,1,0,4.4,2,22,74,1.4,96.9,30.8,95.6,116,100,75,0,0,-0.1,0.1,0,0,0,0,7.4,239006,0,143061,0,0,3,194252,615,4.6222,0.4327,0
1004,0,26,0,2,0,0,0,0,5,0,1.3,0,16,141,0.7,207.8,43.8,170,62,100,100,0,0,-0.4,0.4,0,0,0,0,4.6,19380,0,237668,0,0,3.5,40868,353,11.1556,0,0
1575,0,19,1,7,0,0,0,0,1,2,3.2,4,60,293,0.5,23.9,47.3,348.8,98,100,100,0,0,-0.2,0.2,1,0,0,0,4.3,67556,0,54600,0,0,14,85624,354,17.5,0,0.0571
1221,1,19,0,5,0,0,0,0,3,0,2.8,2,48,221,0.3,150.6,49.9,287.2,58,100,100,0,0,-0.2,0.2,0,0,0,0,4.3,26359,0,12788,0,0,11.2,155651,355,13.5667,0.0737,0
1226,0,25,0,3,0,0,0,1,2,1,1.6,1,24,168,0.3,71.5,28.7,190.2,32,100,100,0,0,-0.3,0.3,0,0,0,0,4.2,31371,0,29410,0,0,5.7,20145,356,13.6222,0,0
1524,0,29,0,4,0,0,0,0,5,0,1.9,0,36,263,0.4,223,52.2,258,40,100,100,0,0,-0.3,0.3,0,0,0,0,4.2,83383,0,107692,0,0,8.6,54484,357,16.9333,0,0
2353,0,33,0,9,0,0,0,0,6,0,2.8,3,76,423,3.3,34.1,51.8,442.8,40,100,100,0,0,-0.2,0.2,1,0,0,0,4.3,284942,0,311771,0,0,17.7,41338,358,26.1444,0,0
606,0,5,1,4,0,0,0,1,1,0,4.5,7,36,148,0.6,108.4,27.1,116,46,100,75,0,0,-0.5,0.5,1,0,0,0,4,191939,0,199346,0,0,9,52940,359,6.7333,0,0.1485
0,0,0,0,0,0,0,0,0,0,0,0,0,0,0,0.3,0,0,0,0,0,0,0,0,-0.1,0.1,0,0,0,0,3.9,48946,0,39355,0,0,0,220166,360,0,0,0
56,0,0,0,0,0,0,0,0,0,0,1,0,1,3,1.1,0.1,1,1.8,8,0,0,0,0,-0.1,0.1,9,0,0,0,3.9,65724,0,113668,0,0,0.3,41945,361,0.6222,0,0
1501,6,20,2,6,1,0,0,0,3,0,3.9,10,70,258,2.1,259.5,123.7,373.6,603,100,100,0,0,-0.3,0.3,2,0,0,0,6.2,269111,0,315887,0,0,11.3,41725,362,16.6778,0.3598,0.1199
2097,4,33,5,8,0,0,0,0,3,0,3.1,9,88,330,2,602.3,195.4,458.4,896,0,0,0,0,-0.4,0.4,2,0,0,0,6.1,406141,0,658730,0,0,14.4,94924,363,23.3,0.1717,0.2146
712,2,17,1,0,0,0,0,0,1,0,1.8,2,36,111,0.4,123.9,50.2,106.2,281,0,0,0,0,-0.5,0.5,0,0,0,0,5.5,40931,0,75035,0,0,6.5,73426,364,7.9111,0.2528,0.1264
65,0,3,0,0,0,0,0,0,1,0,0.8,0,4,8,0.3,13.6,3.7,6.2,17,100,100,0,0,-0.3,0.3,0,0,0,0,4.7,20430,0,57193,0,0,0.9,173514,365,0.7222,0,0
2610,0,44,0,9,0,0,89,0,1,0,3.8,15,111,538,4.2,10.1,71.3,683.6,17,0,0,0,0,-0.1,0.1,1,0,0,0,4.9,396449,0,301226,0,0,22.7,9089,366,29,0,0
0,0,0,0,0,0,0,0,0,0,0,0,0,0,0,0.1,0,0,0,0,0,0,0,0,-0.3,0.3,0,0,0,0,4.2,1541,0,6706,0,0,0,206882,367,0,0,0
2443,4,42,3,9,0,0,0,1,8,0,3.3,9,93,387,2.9,479.9,149.6,461,557,100,100,0,0,-0.4,0.4,1,0,0,0,5.6,307846,0,317467,0,0,16.6,121599,368,27.1444,0.1474,0.1105
1320,3,17,0,4,0,0,0,0,3,0,2.2,0,51,169,0.7,253.3,75.7,217.6,287,100,100,0,0,-0.4,0.4,0,0,0,0,5.6,34965,0,246233,0,0,9.1,61566,369,14.6667,0.2045,0
1507,1,27,1,5,0,0,0,0,4,0,2.4,3,50,177,0.3,222.4,65.4,237.6,195,100,100,0,0,-0.2,0.2,0,0,0,0,5.3,63738,0,70146,0,0,9.4,108413,370,16.7444,0.0597,0.0597
655,1,17,0,1,0,0,0,0,0,0,2.5,2,25,121,0.1,179.5,47.9,122.8,176,100,100,0,0,-0.2,0.2,0,0,0,0,4.8,21448,0,26421,0,0,5.2,43250,371,7.2778,0.1374,0
0,0,0,0,0,0,0,0,0,0,0,0,0,0,0,0,0,0,0,0,0,0,0,0,-0.3,0.3,0,0,0,0,4.7,734,0,3150,0,0,0,157775,372,0,0,0
2138,0,40,3,7,0,0,0,0,7,0,2.6,5,62,322,0.4,221.9,73.4,409.4,101,100,100,0,0,-0.2,0.2,0,0,0,0,4.8,34464,0,70429,0,0,12.9,38439,373,23.7556,0,0.1263
771,0,10,1,2,0,0,0,0,1,0,1.9,2,28,107,0.2,91.9,27.2,130.8,52,100,100,0,0,-0.1,0.1,0,0,0,0,4.4,20476,0,25474,0,0,6.4,89085,374,8.5667,0,0.1167
18,0,2,0,0,0,0,0,0,0,0,1,0,4,10,0.1,0.8,1.5,7.4,7,100,100,0,0,-0.2,0.2,0,0,0,0,4.3,7597,0,10532,0,0,0.9,216058,375,0.2,0,0
1549,0,29,0,4,0,0,0,0,4,0,1.9,0,37,231,0.2,32.8,51.4,330.2,151,100,100,0,0,-0.2,0.2,0,0,0,0,4.8,10130,0,21168,0,0,7.7,60232,439,17.2111,0,0
275,0,3,0,1,0,0,0,0,0,0,1.2,0,11,26,0.1,28.6,12.9,29.4,72,100,100,0,0,-0.2,0.2,0,0,0,0,5.8,11865,0,19739,0,0,1.9,50175,512,3.0556,0,0
0,0,0,0,0,0,0,0,0,0,0,0,0,0,0,0.2,0,0,0,0,0,0,0,0,-0.2,0.2,0,0,0,0,4.3,5836,0,10277,0,0,0,18656,513,0,0,0
1221,5,16,4,6,0,0,0,0,1,0,4.1,5,78,211,3,256.3,105.6,307.4,492,100,100,0,0,-0.1,0.1,2,0,0,0,6.4,353943,0,169084,0,0,12.2,232185,525,13.5667,0.3685,0.2948
57,0,6,0,0,0,0,0,0,0,0,0.3,0,1,12,0.1,1,1,8,0,0,0,0,0,-0.1,0.1,7,0,0,0,3.9,18796,0,16768,0,0,0.3,96767,542,0.6333,0,0
0,0,0,0,0,0,0,0,0,0,0,0,0,0,0,0,0,0,0,0,100,100,0,0,0,0,0,0,0,0,4.5,1008,0,693,0,0,0,175353,563,0,0,0
0,0,0,0,0,0,0,0,0,0,0,0,0,0,0,0,0,0,0,0,100,100,0,0,-0.1,0.1,0,0,0,0,4.9,1431,0,1034,0,0,0,475168,592,0,0,0
56,0,2,0,0,0,0,0,0,1,0,0.8,0,5,17,0,0.9,2.6,23.2,2,0,0,0,0,-0.3,0.3,0,0,0,0,4.7,501,0,375,0,0,1.1,168290,604,0.6222,0,0
2023,3,40,0,4,0,0,0,0,7,0,2.7,5,63,319,1.2,296.5,87.9,428,152,100,100,0,0,-0.5,0.5,2,0,0,0,4.5,291636,0,252738,0,0,14,55459,376,22.4778,0.1335,0
2160,2,36,0,6,0,0,0,1,4,0,2.7,0,65,354,1.1,21.7,63.4,457.6,155,100,100,0,0,0,0,0,0,0,0,4.5,170674,0,128595,0,0,14.4,40669,377,24,0.0833,0
908,0,18,1,2,0,0,0,0,3,1,1.7,3,25,160,0.4,126.2,41.4,233.4,53,100,100,0,0,-0.4,0.4,1,0,0,0,4.1,98636,0,104666,0,0,6.1,105717,378,10.0889,0,0.0991
588,0,14,0,0,0,0,0,0,2,0,1,0,10,90,0.5,50.5,17.4,110.4,12,0,0,0,0,-0.4,0.4,0,0,0,0,4.1,18160,0,44105,0,0,2.4,20658,379,6.5333,0,0
1686,0,30,2,6,0,0,0,0,5,0,2.9,5,57,318,0.3,247.2,65.4,352.6,52,100,75,0,0,-0.1,0.1,1,0,0,0,4.4,127224,0,135771,0,0,13,81012,380,18.7333,0,0.1068
1955,3,42,0,3,0,0,0,0,8,0,2.3,2,54,307,2.1,30.5,69.2,490.2,170,100,100,0,0,-0.2,0.2,0,0,0,0,4.3,257871,0,373083,0,0,12.6,219924,381,21.7222,0.1381,0
1081,1,22,0,3,0,0,0,0,2,0,2.8,3,36,189,0.3,18.2,41.5,248,149,0,0,0,0,-0.2,0.2,1,0,0,0,4.3,39172,0,48677,0,0,8.4,166640,382,12.0111,0.0833,0
0,0,0,0,0,0,0,0,0,0,0,0,0,0,0,4.4,0,0,0,0,0,0,0,0,-0.1,0.1,6,0,0,0,3.9,361724,0,404315,0,0,0,48717,383,0,0,0
0,0,0,0,0,0,0,0,0,0,0,0,0,0,0,2.5,0,0,0,0,0,0,0,0,0,0,0,0,0,0,4,185804,0,113445,0,0,0,222018,384,0,0,0
0,0,0,0,0,0,0,0,0,0,0,0,0,0,0,0.1,0,0,0,0,0,0,0,0,0,0,0,0,0,0,7,1369,0,7739,0,0,0,41464,385,0,0,0
106,1,4,0,0,0,0,0,0,0,0,4.5,2,9,27,0.3,2.2,7.7,35.6,39,0,0,0,0,0,0,1,0,0,0,6,87088,0,142236,0,0,1.5,43020,386,1.1778,0.849,0
0,0,0,0,0,0,0,0,0,0,0,0,0,0,0,0.9,0,0,0,0,100,100,0,0,-0.2,0.2,0,0,0,0,4.3,79186,0,164010,0,0,0,209925,387,0,0,0
1307,0,22,0,4,0,1,46,0,1,0,3.7,5,59,277,2,0,34.4,343.2,0,100,100,0,0,-0.1,0.1,3,0,0,0,4.9,330895,0,538452,0,0,12,37096,388,14.5222,0,0
1028,2,19,3,2,0,0,0,0,1,0,3,1,45,106,0.8,218,98.4,220,546,100,100,0,0,-0.1,0.1,1,0,0,0,6.9,39996,0,85219,0,0,6.5,57531,389,11.4222,0.1751,0.2626
1405,1,26,4,6,0,0,0,0,1,0,2.8,1,61,290,2.5,401.2,112.6,371.4,352,100,100,0,0,-0.4,0.4,0,0,0,0,6.6,181289,0,560931,0,0,9.2,101537,390,15.6111,0.0641,0.2562
1182,0,24,3,2,0,0,0,0,0,0,2.4,3,45,221,0.7,422.8,86.1,203.6,235,100,100,0,0,-0.4,0.4,0,0,0,0,6.1,268296,0,316906,0,0,7.4,86934,391,13.1333,0,0.2284
822,3,14,1,3,0,0,0,0,2,0,3.3,8,49,156,0.7,208.4,64.2,188,248,100,75,0,0,-0.8,0.8,1,0,0,0,5.2,596600,0,582999,0,0,9.4,56377,392,9.1333,0.3285,0.1095
1504,5,33,5,3,0,0,0,0,4,0,3.6,8,87,312,1.7,552.1,129.7,422.2,320,100,100,0,0,-0.3,0.3,1,0,0,0,5.2,242911,0,139692,0,0,16.7,18987,393,16.7111,0.2992,0.2992
174,0,4,0,0,0,0,0,0,0,0,1,0,6,14,0.2,6.5,1.4,5,4,100,0,0,0,-0.4,0.4,0,0,0,0,4.6,8713,0,34870,0,0,1.3,54102,394,1.9333,0,0
2610,0,50,2,6,0,0,0,0,5,0,2.3,1,66,437,1.5,232.1,92.3,520,171,0,0,0,0,-0.3,0.3,0,0,0,0,4.7,114484,0,188077,0,0,14,204480,395,29,0,0.069
2139,4,37,2,6,0,0,0,0,4,0,3.2,6,84,389,1.3,292.3,85.1,406.8,150,100,100,0,0,0,0,2,0,0,0,5,260809,0,204055,0,0,16.8,18073,396,23.7667,0.1683,0.0842
112,0,2,0,0,0,0,0,0,0,0,1.2,0,7,20,0.5,3.7,1.1,8.4,0,0,0,0,0,-0.2,0.2,3,0,0,0,4.3,49108,0,46428,0,0,1.6,42824,397,1.2444,0,0
0,0,0,0,0,0,0,0,0,0,0,0,0,0,0,0.1,0,0,0,0,0,0,0,0,-0.2,0.2,0,0,0,0,4.3,9053,0,11768,0,0,0,179830,398,0,0,0
1457,2,26,5,4,0,0,0,0,2,0,2.6,4,71,255,0.4,282.3,91.5,301.6,331,0,0,0,0,-0.5,0.5,2,0,0,0,6,38735,0,75268,0,0,11.8,217593,399,16.1889,0.1235,0.3089
0,0,0,0,0,0,0,0,0,0,0,0,0,0,0,0,0,0,0,0,0,0,0,0,0,0,0,0,0,0,4.5,1815,0,5389,0,0,0,59779,400,0,0,0
686,0,17,0,0,0,0,36,1,0,0,2.2,1,18,134,0.3,0,23.9,239,0,0,0,0,0,-0.1,0.1,0,0,0,0,4.4,66259,0,71919,0,0,4.1,40694,450,7.6222,0,0
2144,7,40,3,5,0,0,0,0,1,0,3.6,11,97,318,2.3,335.5,172,433.4,958,100,100,0,0,-0.7,0.7,1,0,0,0,6.8,675054,0,802468,0,0,14.3,103123,457,23.8222,0.2938,0.1259
128,0,3,0,0,0,0,0,0,0,0,1,0,8,14,0,22.9,7.3,5.2,46,0,0,0,0,-0.4,0.4,0,0,0,0,5.6,2671,0,5333,0,0,1.4,181008,514,1.4222,0,0
435,0,6,0,2,0,0,15,0,1,0,4,2,20,86,1.6,0,11.2,112,0,100,100,0,0,-0.1,0.1,1,0,0,0,3.9,202295,0,104679,0,0,5.1,19194,553,4.8333,0,0
31,0,1,0,0,0,0,0,0,0,0,1,0,2,10,0,3.8,2.5,12.6,9,0,0,0,0,-0.1,0.1,0,0,0,0,4.4,706,0,694,0,0,0.5,183487,568,0.3444,0,0
0,0,0,0,0,0,0,0,0,0,0,0,0,0,0,0.1,0,0,0,0,0,0,0,0,0,0,0,0,0,0,4,13473,0,5542,0,0,0,447879,582,0,0,0
360,0,7,0,0,0,0,0,0,0,0,1.5,0,6,41,0.1,8.5,6.6,57.2,0,0,0,0,0,0,0,0,0,0,0,4,10448,0,2200,0,0,1.5,232391,593,4,0,0
0,0,0,0,0,0,0,0,0,0,0,0,0,0,0,0,0,0,0,0,0,0,0,0,0,0,0,0,0,0,4,1794,0,738,0,0,0,459373,594,0,0,0
0,0,0,0,0,0,0,0,0,0,0,0,0,0,0,0,0,0,0,0,0,0,0,0,0,0,0,0,0,0,4.5,387,0,214,0,0,0,243710,595,0,0,0
180,0,5,0,0,0,0,6,0,0,0,1.5,0,3,27,0.1,0,4.9,49.6,0,0,0,0,0,-0.5,0.5,0,0,0,0,4,19736,0,13128,0,0,0.8,32259,606,2,0,0
229,0,6,0,0,0,0,0,0,0,0,1.5,0,6,30,0,13.6,11.4,55.2,45,100,100,0,0,-0.1,0.1,0,0,0,0,4.9,1216,0,744,0,0,1.2,215439,616,2.5444,0,0
182,1,2,0,0,0,0,0,0,0,0,3.2,2,13,50,0.2,31,21.8,70.6,116,0,0,0,0,0,0,0,0,0,0,6.5,15303,0,2260,0,0,2,178186,626,2.0222,0.4945,0
2147,4,26,5,7,0,0,0,0,1,0,4.3,9,117,416,8.8,227.2,131.7,453,635,100,100,0,0,0.3,-0.3,4,0,0,0,6.3,819450,0,475558,0,0,18.6,87835,401,23.8556,0.1677,0.2096
2193,1,29,2,6,0,0,0,0,4,0,2.8,0,74,368,0.9,307.4,99.1,420.8,262,100,75,0,0,-0.1,0.1,0,0,0,0,5.4,92130,0,119299,0,0,13.7,114128,402,24.3667,0.041,0.0821
2610,0,34,0,8,0,0,0,0,3,0,2.9,6,83,485,2,67.2,49.6,429.8,0,0,0,0,0,0.1,-0.1,0,0,0,0,5.1,158683,0,134229,0,0,16.3,94147,403,29,0,0
1170,0,9,1,7,0,0,0,0,1,1,4.6,9,60,275,3.3,58.2,39,297.4,33,100,100,0,0,-0.2,0.2,0,0,0,0,4.8,464507,0,685090,0,0,12.5,90585,405,13,0,0.0769
528,0,6,0,2,0,0,0,0,1,0,1.8,0,23,114,0.2,92,25.4,115.8,48,100,100,0,0,-0.3,0.3,0,0,0,0,4.2,19972,0,24942,0,0,5.5,216054,406,5.8667,0,0
1983,2,28,2,6,0,0,0,0,8,1,2.9,6,73,374,3.7,132.1,89.2,484.8,274,100,100,0,0,0.1,-0.1,1,0,0,0,4.6,346097,0,101546,0,0,15.9,107613,407,22.0333,0.0908,0.0908
184,0,2,0,0,0,0,0,0,0,0,1.7,0,5,24,2,1.2,3.7,35.2,0,0,0,0,0,-0.1,0.1,0,0,0,0,3.9,144045,0,153798,0,0,1.3,214048,408,2.0444,0,0
2458,13,31,6,9,0,0,0,0,3,0,5.1,23,147,520,32.8,560.6,264.2,723.4,1364,100,100,0,0,0.6,-0.6,2,0,0,0,8.1,3709742,0,2779925,0,0,18.1,102057,409,27.3111,0.476,0.2197
1758,6,24,3,7,0,0,0,0,3,0,3.5,12,88,290,9.5,359.5,172.6,390.2,975,100,100,0,0,-0.1,0.1,3,0,0,0,6.4,792801,0,927757,0,0,13.8,194634,410,19.5333,0.3072,0.1536
2610,0,34,0,8,0,2,77,0,0,0,4,8,116,516,9.9,0,63.8,636,0,0,0,0,0,0.2,-0.2,0,0,0,0,5.2,1009481,0,747569,0,0,22.3,38533,411,29,0,0
0,0,0,0,0,0,0,0,0,0,0,0,0,0,0,0.4,0,0,0,0,0,0,0,0,-0.3,0.3,0,0,0,0,4.2,6867,0,21172,0,0,0,19236,412,0,0,0
0,0,0,0,0,0,0,0,0,0,0,0,0,0,0,0.7,0,0,0,0,0,0,0,0,-0.1,0.1,0,0,0,0,3.9,32489,0,44399,0,0,0,168399,413,0,0,0
2275,2,29,1,8,0,0,0,0,7,0,2.4,4,71,372,4.5,307.4,93.7,397.4,229,100,100,0,0,-0.3,0.3,1,0,0,0,5.2,363821,0,622091,0,0,13.7,171317,414,25.2778,0.0791,0.0396
2434,1,32,7,7,0,0,0,0,5,0,3.2,11,94,508,5.2,982.3,171.1,614.6,110,0,0,0,0,-0.1,0.1,0,0,0,0,5.4,608772,0,703380,0,0,17.4,19624,415,27.0444,0.037,0.2588
122,0,2,1,0,0,0,0,0,0,0,2,0,8,31,0.1,43.5,6.2,6.2,12,100,75,0,0,-0.3,0.3,0,0,0,0,4.7,3025,0,7477,0,0,1.7,222531,416,1.3556,0,0.7377
2068,4,30,7,4,0,0,0,0,0,0,3.9,14,108,460,16.9,611.7,172.2,613.2,496,100,100,0,0,0.7,-0.7,4,0,0,0,5.7,2552044,0,1415619,0,0,18.9,159533,417,22.9778,0.1741,0.3046
0,0,0,0,0,0,0,0,0,0,0,0,0,0,0,0,0,0,0,0,0,0,0,0,-0.2,0.2,0,0,0,0,4.8,926,0,1903,0,0,0,165808,418,0,0,0
0,0,0,0,0,0,0,0,0,0,0,0,0,0,0,0,0,0,0,0,0,0,0,0,-0.1,0.1,0,0,0,0,4.9,727,0,1113,0,0,0,166324,419,0,0,0
2279,2,29,0,7,0,0,0,1,4,0,2.4,6,70,331,9.1,127.3,75.2,421.2,204,100,100,0,0,-0.1,0.1,2,0,0,0,4.4,989507,0,1283260,0,0,15.9,151589,420,25.3222,0.079,0
162,0,6,0,0,0,0,0,0,1,0,0.5,0,1,22,0.2,7,4.3,35.6,0,0,0,0,0,-0.4,0.4,0,0,0,0,4.6,5434,0,24177,0,0,0.2,178876,473,1.8,0,0
292,2,6,0,1,0,0,0,0,0,0,1.9,0,23,69,0.5,35.6,27.5,85.2,155,0,0,0,0,-0.6,0.6,0,0,0,0,5.4,26337,0,94368,0,0,4.3,209353,487,3.2444,0.6164,0
722,2,8,2,1,0,0,0,0,2,0,2,0,42,134,0.2,182.6,53.9,159.4,198,100,100,0,0,0,0,0,0,0,0,5,29512,0,19979,0,0,8.4,247632,528,8.0222,0.2493,0.2493
0,0,0,0,0,0,0,0,0,0,0,0,0,0,0,0,0,0,0,0,0,0,0,0,0,0,0,0,0,0,4.5,6531,0,5922,0,0,0,194798,559,0,0,0
0,0,0,0,0,0,0,0,0,0,0,0,0,0,0,0,0,0,0,0,0,0,0,0,0,0,0,0,0,0,4.5,2409,0,1941,0,0,0,232361,560,0,0,0
0,0,0,0,0,0,0,0,0,0,0,0,0,0,0,0,0,0,0,0,0,0,0,0,0,0,0,0,0,0,4.5,485,0,423,0,0,0,250604,566,0,0,0
0,0,0,0,0,0,0,0,0,0,0,0,0,0,0,0,0,0,0,0,0,0,0,0,0,0,0,0,0,0,4.5,1687,0,1203,0,0,0,245923,567,0,0,0
0,0,0,0,0,0,0,0,0,0,0,0,0,0,0,0.1,0,0,0,0,0,0,0,0,0,0,0,0,0,0,4,5509,0,2371,0,0,0,179456,587,0,0,0
0,0,0,0,0,0,0,0,0,0,0,0,0,0,0,0,0,0,0,0,0,0,0,0,-0.1,0.1,0,0,0,0,3.9,3967,0,1516,0,0,0,232351,607,0,0,0
0,0,0,0,0,0,0,0,0,0,0,0,0,0,0,0,0,0,0,0,0,0,0,0,0,0,0,0,0,0,4.5,709,0,350,0,0,0,428610,609,0,0,0
43,0,0,0,0,0,0,0,0,0,0,1,0,4,14,0,27.5,7.7,9,40,0,0,0,0,-0.4,0.4,0,0,0,0,5.1,2656,0,1693,0,0,0.8,200600,619,0.4778,0,0
